Date,GARCH_VaR_95,GJR_GARCH_VaR_95,GARCH_VaR_99,GJR_GARCH_VaR_99
2023-01-02,12704.36112487438,12990.968708017548,17968.020381652215,18373.374955946354
2023-01-03,11980.009361877956,12419.552193121463,16943.555860132707,17565.209674343732
2023-01-04,11384.50119805724,11888.795163608196,16101.317299704764,16814.54987884033
2023-01-05,11080.821401450095,11418.871681690653,15671.817168112186,16149.9281306141
2023-01-06,10651.0152183661,11150.485456906206,15063.934081201765,15770.34437117265
2023-01-09,12833.113322075691,11068.728458550879,18150.117071187127,15654.71388819504
2023-01-10,12234.450496718368,10619.158215394766,17303.416812746207,15018.878113958634
2023-01-11,11540.819215450152,10172.232046994164,16322.400854786962,14386.781905106955
2023-01-12,12333.471522540174,9978.992663496327,17443.464139226464,14113.47975735638
2023-01-13,12348.92136696555,9687.87806234815,17465.31514903324,13701.75082148841
2023-01-16,11647.648981485176,9289.930932540537,16473.492231568292,13138.926601606678
2023-01-17,11005.77419873553,8931.400000435226,15565.676477155195,12631.849462331427
2023-01-18,10529.145131250596,8774.515249191945,14891.570891295452,12409.964364749427
2023-01-19,9990.080634579,8481.945248010104,14129.161686455089,11996.177028839824
2023-01-20,9947.748818102855,8874.52825189577,14069.290990576765,12551.414663064239
2023-01-23,9730.478417306664,8571.796220208813,13762.001316466978,12123.254973484885
2023-01-24,9541.18833668869,8288.642418408494,13494.284743145627,11722.785148053914
2023-01-25,9218.637914182542,7998.843487239784,13038.095525227887,11312.916989345389
2023-01-26,8735.46951620833,7695.780936927605,12354.741239464325,10884.289840966956
2023-01-27,8586.525036860989,7458.064463561929,12144.086219952349,10548.082896241023
2023-01-30,8144.175077765145,7188.352382914886,11518.462231250143,10166.62395355123
2023-01-31,8882.235239275262,8524.311044041628,12562.31480239078,12056.095782651762
2023-02-01,9665.278158570323,8376.893850831535,13669.787346291821,11847.600833069551
2023-02-02,10242.822185916539,8230.330192604493,14486.618885686601,11640.31305430224
2023-02-03,11055.542999949177,8154.657336093045,15636.06544247092,11533.287489240698
2023-02-06,12290.944752788448,10782.865076601942,17383.31771721011,15250.411851851803
2023-02-07,12313.36143824973,11347.247910815986,17415.02206324517,16048.629264639087
2023-02-08,11693.223042586977,10873.285510532785,16537.948495893816,15378.295197091906
2023-02-09,11289.142571026723,10747.542719762196,15966.44977372615,15200.45476850175
2023-02-10,11449.667228294413,11332.978804062388,16193.482859860349,16028.448194654024
2023-02-13,10864.982519742867,10914.547994629083,15366.552118768208,15436.653515778882
2023-02-14,10872.771620202866,10535.872192551664,15377.568392191512,14901.085102468935
2023-02-15,10269.440974622448,10092.598781071745,14524.266346531067,14274.155057437296
2023-02-16,9738.282241525087,9707.916796278094,13773.038413982798,13730.091985293233
2023-02-17,11327.400581127209,11967.99858658356,16020.55880750519,16926.568791427093
2023-02-20,10692.022837269113,11448.88641003196,15121.93193918218,16192.378533691075
2023-02-21,10099.1322659639,10956.660222407902,14283.395489801549,15496.21364317207
2023-02-22,12910.995593810037,14456.443912038296,18260.267454361623,20446.024503281315
2023-02-23,12183.19318340855,13811.800383181831,17230.92261636696,19534.292858412184
2023-02-24,11715.23488919661,13225.930304443596,16569.080270615275,18705.68562564408
2023-02-27,12227.537816468252,13969.80576249686,17293.64007715084,19757.76288166148
2023-02-28,11552.124586551547,13350.746865062232,16338.390256880886,18882.21606925469
2023-03-01,10901.662976389658,12760.440938655398,15418.429988592565,18047.335132477714
2023-03-02,10812.6853370845,12756.44898882796,15292.587215325033,18041.689241656688
2023-03-03,10299.77255918424,12207.513790985118,14567.164885407376,17265.31971578303
2023-03-06,12116.889740913828,11974.309416622564,17137.148392349798,16935.494318783516
2023-03-07,11473.860055054212,11505.681776572634,16227.699236428763,16272.705304439753
2023-03-08,11161.985188216302,11420.977907955164,15786.608660618793,16152.907006614012
2023-03-09,10585.578943265935,10982.590401217874,14971.386308579253,15532.887189899679
2023-03-10,11075.555756084288,11823.08949728019,15664.369865384768,16721.621101063378
2023-03-13,10608.953527650734,11331.866374917152,15004.44542934184,16026.874864884956
2023-03-14,10049.455796489618,10849.963099729312,14213.137111026816,15345.30986642104
2023-03-15,9699.292588996252,10415.63757104607,13717.894604355097,14731.034982785002
2023-03-16,9254.11500071302,9989.067968340967,13088.271445732315,14127.729453269496
2023-03-17,8934.314370739146,9597.550589205477,12635.971311868434,13573.998952465026
2023-03-20,8486.084634986124,9225.97639549793,12002.031442833695,13048.474479395607
2023-03-21,8198.014746419018,8872.926412077011,11594.608702072675,12549.149150439975
2023-03-22,8109.385488817929,8562.625397066846,11469.25865169753,12110.28450330447
2023-03-23,7974.986190223,8546.994583092805,11279.17515889558,12088.177544811497
2023-03-24,7706.753336167955,8229.678334821649,10899.808314603562,11639.391119400281
2023-03-27,7551.3943287570955,7942.606119063359,10680.081105640174,11233.379406331791
2023-03-28,8238.947283292002,8906.430409097055,11652.5003701052,12596.534492796489
2023-03-29,7820.240969753932,8552.737746494302,11060.31604051713,12096.300210409468
2023-03-30,8270.372322835787,8327.244996481084,11696.94540322941,11777.381510891444
2023-03-31,8122.270317795494,8043.040205104613,11487.481911207187,11375.42525084644
2023-04-03,10090.689600382566,8099.436073163253,14271.454866754879,11455.187003268178
2023-04-04,9554.166888466698,7792.0599499988175,13512.640556600501,11020.459086487048
2023-04-05,9040.335102730396,7499.436518177659,12785.91845636251,10606.596182604617
2023-04-06,8645.769141984298,7238.529800801784,12227.876288408772,10237.59083322574
2023-04-07,8221.306019741316,6983.034350456807,11627.549994409705,9876.23874207418
2023-04-10,7800.096648549125,6737.400453393994,11031.825542614495,9528.83403392181
2023-04-11,7850.805918358809,7125.53931134177,11103.544630612958,10077.786227736735
2023-04-12,7460.642155407058,6874.519231150919,10551.728575008783,9722.76373799955
2023-04-13,7165.635460940119,6720.965908367262,10134.494977285603,9505.59034326307
2023-04-14,7394.160844349635,6578.534517024589,10457.702788089053,9304.146908408133
2023-04-17,7262.520179990106,6664.095091879445,10271.52088433042,9425.1568622143
2023-04-18,7149.326613700884,6747.168077614877,10111.429063406467,9542.648571257141
2023-04-19,6806.816466120648,6515.777377765854,9627.010425416498,9215.388288733244
2023-04-20,6489.97149227797,6298.77454367141,9178.890532423013,8908.477039315827
2023-04-21,6220.965810439118,6118.251853067249,8798.430663048151,8653.160353002857
2023-04-24,5995.069098396605,5974.361560230888,8478.940632323112,8449.653565924556
2023-04-25,6016.654447800848,5831.59717128521,8509.469203907964,8247.739166204952
2023-04-26,5942.471992272583,5876.222176085448,8404.551541398896,8310.853162091931
2023-04-27,6867.39978490267,7164.9573423489055,9712.694569307223,10133.535901221227
2023-04-28,7751.366733526163,7078.298004100389,10962.905893863766,10010.971945379233
2023-05-01,8614.468657278707,7025.2039784134995,12183.607415569155,9935.880051634325
2023-05-02,9738.784089857234,9076.325824277292,13773.74818765594,12836.820820672576
2023-05-03,9217.626355549026,8712.460439517692,13036.664858548498,12322.199063208727
2023-05-04,8758.890992157696,8403.999061065775,12387.866679861529,11885.936249164124
2023-05-05,8870.655997056137,8811.436575479602,12545.938059148655,12462.18290110348
2023-05-08,9190.9827334005,8573.3976599075,12998.982275292234,12125.519920211696
2023-05-09,9036.283088209695,8674.33397436094,12780.187614899562,12268.27607595394
2023-05-10,8832.117927512925,8678.918171386158,12491.43293195527,12274.75959328889
2023-05-11,8666.606087191618,8379.014348565586,12257.3463776558,11850.599893481183
2023-05-12,8297.979137469269,8065.6073450997565,11735.990247998161,11407.342387599929
2023-05-15,8293.352469197998,8289.546200391635,11729.44666276942,11724.063384159926
2023-05-16,8017.175374604373,8145.579496271284,11338.844127480357,11520.448527144494
2023-05-17,7945.382013080846,8234.569100715193,11237.305406214291,11646.308222936092
2023-05-18,7933.416605656881,7969.899841698182,11220.382502153601,11271.98143911197
2023-05-19,7584.204038111164,7674.594785438256,10726.484503701313,10854.325862611206
2023-05-22,7587.076257231321,7845.006401246418,10730.546738014731,11095.342262886243
2023-05-23,7215.07022816938,7550.596411129374,10204.4115119627,10678.952595512286
2023-05-24,7444.004952671394,7954.327805027658,10528.198261684896,11249.95761048103
2023-05-25,7834.320050253294,8535.639728735187,11080.228352744474,12072.118157603985
2023-05-26,7601.40583277924,8221.922890443768,10750.813330169558,11628.422446416193
2023-05-29,8347.491725929318,8055.15486273419,11806.016846727056,11392.55924232113
2023-05-30,7920.716400305549,7749.2072528189565,11202.420359361779,10959.851699089273
2023-05-31,7634.693686623797,7475.811716237214,10797.892977108228,10573.183174378071
2023-06-01,7255.993173129882,7201.018428312089,10262.289613970352,10184.53778326804
2023-06-02,7360.446107209365,7008.135904112314,10410.019391958858,9911.740348432817
2023-06-05,7441.798566613636,6827.083276168719,10525.077727778002,9655.674161627663
2023-06-06,7267.52756281855,6836.173902692966,10278.602921422713,9668.53120820121
2023-06-07,7060.246319802549,6622.034872638066,9985.441103788808,9365.670291488115
2023-06-08,7654.527429555049,7615.996014131984,10825.944218231674,10771.448502087398
2023-06-09,8004.476566378047,7438.120709385392,11320.883960669087,10519.87606411398
2023-06-12,7638.124684224471,7172.333435097026,10802.745502490052,10143.968049956016
2023-06-13,7626.811631284305,6971.390818399713,10786.745235824961,9859.771072487341
2023-06-14,7248.716492047488,6726.667238889917,10251.998065051514,9513.653843822183
2023-06-15,7087.155944214055,6526.182440414513,10023.499899121842,9230.10436740149
2023-06-16,8479.039728529971,6587.7887140791745,11992.067697191804,9317.235295904222
2023-06-19,8073.710845002923,6412.255421514564,11418.803322155522,9068.975210453398
2023-06-20,7667.506494732677,6205.1804490839395,10844.300757797431,8776.10512524474
2023-06-21,7317.736723981462,6046.880891392942,10349.61469621826,8552.219039904377
2023-06-22,7072.74917324415,6011.4125637262105,10003.124128008549,8502.055507228095
2023-06-23,6753.4824512073565,5845.209866645009,9551.57911032887,8266.99186102919
2023-06-26,6514.128614235337,5763.962710469258,9213.056411007976,8152.082457575687
2023-06-27,6436.018906393092,5882.332014816861,9102.584360605817,8319.494423606428
2023-06-28,6566.3925249305485,5771.126103434016,9286.974257278716,8162.213780947829
2023-06-29,6353.570457413791,5616.119618451546,8985.975945815471,7942.985151182251
2023-06-30,6553.184714163264,6112.094012815862,9268.294198460258,8644.451202022625
2023-07-03,7606.547931236007,6133.939150077917,10758.08589814582,8675.347196532424
2023-07-04,7243.203670511624,5955.264135880219,10244.201176349816,8422.64371422111
2023-07-05,6895.439397722288,5774.428558366636,9752.3515288099,8166.884505981188
2023-07-06,7002.525869579266,6220.5031350070185,9903.805969534045,8797.7762923551
2023-07-07,8247.923823304793,8161.658437414945,11665.196061948433,11543.189280445264
2023-07-10,7972.613252181016,8023.6013992530625,11275.819067339013,11347.932576771565
2023-07-11,7702.11631785674,7736.682825067783,10893.250091115811,10942.13816191179
2023-07-12,7778.72481450997,7512.214220146953,11001.598949885094,10624.667930342128
2023-07-13,8294.0024084719,7369.706951338778,11730.365884287568,10423.117180539726
2023-07-14,9227.502469092575,7322.090250826248,13050.632834403226,10355.771972315048
2023-07-17,8754.326262762306,7079.959232610545,12381.41069596695,10013.32145256308
2023-07-18,8334.650590405505,6836.291093694661,11787.85538370286,9668.696953671311
2023-07-19,8310.888005098934,6669.487931523179,11754.247505832225,9432.784058236291
2023-07-20,8153.419281627047,6490.8373156305215,11531.536485183116,9180.1150829134
2023-07-21,8784.256932628754,7846.711970339461,12423.742213538808,11097.754481802638
2023-07-24,8364.076801225336,7599.79233621381,11829.473435218279,10748.531331186026
2023-07-25,7936.788554179378,7318.8629568971355,11225.151513297302,10351.20754892328
2023-07-26,7546.290489021448,7062.699839699986,10672.862647703298,9988.911163801318
2023-07-27,7175.4787346503435,6812.811551185562,10148.416507137366,9635.489388630569
2023-07-28,8367.34697089475,8566.458216295936,11834.098498587775,12115.705332683498
2023-07-31,8244.946835915052,8272.630669197551,11660.985651872,11700.13942558584
2023-08-01,7898.917591707922,7963.749626068448,11171.58988836619,11263.283071779648
2023-08-02,8438.652601227655,8820.570781273613,11934.947412323361,12475.101582669895
2023-08-03,9733.408289521558,10560.051451772351,13766.145090652504,14935.28229020787
2023-08-04,10619.678773277297,11771.344858089209,15019.614348905923,16648.43767039055
2023-08-07,10138.225585219147,11276.387252162169,14338.68591725873,15948.409682840818
2023-08-08,9636.707879521979,10800.600725760167,13629.379855414927,15275.495718913236
2023-08-09,9127.93004215444,10344.406137552398,12909.805650801527,14630.291007055075
2023-08-10,8791.36408751483,10066.869916624802,12433.793998323054,14237.766233455091
2023-08-11,8720.21037728453,10070.616989858921,12333.159948087734,14243.0657906371
2023-08-14,8294.042710396023,9678.948470816364,11730.422884067953,13689.121529777794
2023-08-15,7884.856018039653,9283.392769604558,11151.702336384149,13129.679552995769
2023-08-16,8808.834597865924,10346.840755029563,12458.502874509804,14633.734333013872
2023-08-17,9045.405275375299,10665.40800266166,12793.089298290462,15084.290070694617
2023-08-18,9152.59194900212,10840.597094279183,12944.68545628989,15332.063346177441
2023-08-21,8677.379756032915,10382.196293532514,12272.583783096563,14683.738345823418
2023-08-22,8246.605379836292,9965.516173562492,11663.331362190513,14094.419700465352
2023-08-23,7839.040567623145,9554.190927523872,11086.9046705443,13512.674555497813
2023-08-24,9680.049827537958,9442.639476022783,13690.679199606808,13354.905208855891
2023-08-25,10331.029448799978,10561.788211402827,14611.372100879471,14937.738622496574
2023-08-28,9879.303924711037,10132.966379246747,13972.48807168962,14331.247721888294
2023-08-29,9478.99628764192,9729.793903719024,13406.325341341379,13761.033195837113
2023-08-30,10549.125266639689,9551.76291588611,14919.829178065693,13509.240572303741
2023-08-31,10029.566886136,9171.071318561182,14185.007845565135,12970.821181306963
2023-09-01,9508.465607244496,8805.319449951487,13448.0043624309,12453.53133373335
2023-09-04,9509.977943005732,9138.131565780459,13450.143287758565,12924.233860345836
2023-09-05,9042.720169422988,8820.228730552066,12789.29170170109,12474.61781380691
2023-09-06,9226.867222682384,9313.534972311503,13049.734393282619,13172.310245500716
2023-09-07,9032.327357193952,9295.651054232918,12774.592949035092,13147.016678875734
2023-09-08,8576.113174958109,8940.26583309152,12129.3605249691,12644.388578647691
2023-09-11,8145.894338315189,8585.243287258741,11520.893814255454,12142.273417029715
2023-09-12,7750.846425684688,8250.56590389577,10962.17001255431,11668.9328069482
2023-09-13,7377.0807532780655,7942.621853841437,10433.546089339867,11233.401660328696
2023-09-14,7017.501135352226,7641.052424902017,9924.985773696126,10806.88626200163
2023-09-15,6723.3894376159005,7362.470383505058,9509.01798692866,10412.882364553985
2023-09-18,8366.215884940071,9364.416672926716,11832.498782137074,13244.273205678006
2023-09-19,8016.850795594393,8994.456665954374,11338.385069192462,12721.031707712405
2023-09-20,7801.465560565954,8837.966147188561,11033.761621003427,12499.704180646593
2023-09-21,7754.281683621304,8858.864782696137,10967.02856341056,12529.261519662534
2023-09-22,11645.387405851367,13376.925317234669,16470.293641990782,18919.240753736733
2023-09-25,11001.73510190581,12787.1590798603,15559.963905429113,18085.123109457494
2023-09-26,10861.327975717599,12736.030993629847,15361.383427412049,18012.811681402683
2023-09-27,11529.101733282358,13569.318344654997,16305.828596147341,19191.345883935515
2023-09-28,10942.973155552203,13028.875867106617,15476.85576332192,18426.987774444515
2023-09-29,10397.244515798873,12463.017693234222,14705.021333746376,17626.683760623884
2023-10-02,9828.199587392273,11920.303656747385,13900.210232173828,16859.1129419771
2023-10-03,9760.69093331845,11885.378093510071,13804.73145442078,16809.717051391148
2023-10-04,12268.083746095032,14651.250189998182,17350.98495917727,20721.542739771277
2023-10-05,12201.425545225013,14068.715103065293,17256.708993619923,19897.65224955655
2023-10-06,11533.44070748948,13465.416397685862,16311.965290170972,19044.39537753189
2023-10-09,10972.998479906326,12880.35084712601,15519.32115254203,18216.926004319634
2023-10-10,11698.715407817203,12476.525495988004,16545.71645285207,17645.788103833722
2023-10-11,11087.88611954042,11938.038084116315,15681.808933726363,16884.195081038622
2023-10-12,11377.28491581962,11539.193488927203,16091.111174024705,16320.101558741122
2023-10-13,12296.008085490008,12981.365317167052,17390.47888527566,18359.792697000896
2023-10-16,11603.564731739407,12411.189161995677,16411.143035874305,17553.381679827242
2023-10-17,10950.456365308482,11869.26604606185,15487.439409685512,16786.92947521205
2023-10-18,10474.206418144866,11502.567601826682,14813.870020931121,16268.30086766743
2023-10-19,11084.280701419779,12383.59283960988,15676.709722074605,17514.35167444462
2023-10-20,12156.80224007138,13783.542525365696,17193.59740157557,19494.32723084607
2023-10-23,11658.33280454993,13377.750109534245,16488.602566412723,18920.407273225886
2023-10-24,11072.602342815677,12795.280152516336,15660.192796637728,18096.608897492817
2023-10-25,11455.218418686787,12355.687529032475,16201.334014368018,17474.884661166052
2023-10-26,13659.898033749425,15193.637535762324,19319.454466792606,21488.65151349458
2023-10-27,12930.73664614083,14572.500781474935,18288.187601399986,20610.1659484883
2023-10-30,12375.821083058197,14122.337434045996,17503.35993084183,19973.491335560375
2023-10-31,11878.126369783866,13518.444887834974,16799.460800137436,19119.394583115074
2023-11-01,11268.807544832365,12927.756938355486,15937.68955811749,18283.97334381614
2023-11-02,12072.719183957795,12537.530831137363,17074.677130721306,17732.069113526297
2023-11-03,14264.644673165873,12397.57701972093,20174.75917955736,17534.129767241753
2023-11-06,13910.059507632948,11931.688503293504,19673.26261324418,16875.21474770916
2023-11-07,13104.011812332483,11414.309009753702,18533.253975628748,16143.475056622256
2023-11-08,12659.021619094947,10973.357856490686,17903.895853395232,15519.829425703425
2023-11-09,12180.096773380263,10545.861450363811,17226.54330457384,14915.21310042192
2023-11-10,12885.415932556116,12092.67362022445,18224.089651302616,17102.899070732252
2023-11-13,12915.830587679337,11680.996868694621,18267.105678459226,16520.65678484056
2023-11-14,12190.656526121304,11194.034766257964,17241.47816439176,15831.936990458886
2023-11-15,14400.006866170834,11178.775494567353,20366.204512298747,15810.355511307664
2023-11-16,13562.915780949956,10701.00956080942,19182.290615904618,15134.642033782717
2023-11-17,12912.28784636373,10272.16025810243,18262.095111808918,14528.112281050053
2023-11-20,12200.463702066856,9847.809458471585,17255.348640486074,13927.944847064833
2023-11-21,11975.03782633866,9521.218470900914,16936.524522545547,13466.040980868509
2023-11-22,11307.232114122748,9144.407465260934,15992.034159737323,12933.109984746736
2023-11-23,10728.549026912227,8785.748686778985,15173.591626239297,12425.85202990126
2023-11-24,10145.261620399293,8450.085466412684,14348.637116085672,11951.117131732788
2023-11-27,9756.202754717844,8357.577472817899,13798.383737776112,11820.281311022183
2023-11-28,9507.119003941667,8078.551543230894,13446.099835681904,11425.649614036449
2023-11-29,9010.30641998996,7772.131373197029,12743.44831731255,10992.273720010748
2023-11-30,8775.966380435471,7520.336825735321,12412.016727359702,10636.155886432902
2023-12-01,8422.146908534056,7387.070815574454,11911.603096161629,10447.675225090272
2023-12-04,8743.760060787641,7239.885571534277,12366.466714874843,10239.508325645455
2023-12-05,8598.813392842654,7435.0518829689945,12161.465876321156,10515.535764349544
2023-12-06,8572.04748746038,7231.621352442283,12123.610345553816,10227.820082874028
2023-12-07,8134.894854670397,6973.298055392194,11505.337034628785,9862.468514162425
2023-12-08,7744.302863926292,6733.06934267167,10952.915328285831,9522.708461374792
2023-12-11,7358.679012824888,6502.902628907039,10407.520156648676,9197.179285727898
2023-12-12,7003.114258979147,6287.366275280575,9904.638139890782,8892.342107621816
2023-12-13,6830.421999416328,6110.438006744418,9660.396181631037,8642.109081033514
2023-12-14,9935.37917500472,6531.19443250747,14051.796368287896,9237.192923464545
2023-12-15,10957.121982892466,6647.830357034297,15496.86671983736,9402.153337335933
2023-12-18,10361.363174419404,6426.744620676088,14654.27366789445,9089.467561331108
2023-12-19,9837.531973155326,6296.868566546231,13913.409203452411,8905.781379495113
2023-12-20,9640.029395675383,6166.890968003757,13634.077539096596,8721.951581458534
2023-12-21,9399.357084453126,6488.546291237905,13293.690096482584,9176.874843394326
2023-12-22,8944.376484414146,6284.044677356264,12650.202351258595,8887.644308289997
2023-12-25,8473.223221922395,6081.936321540242,11983.841300897831,8601.798603739433
2023-12-26,8033.799405543329,5891.9754377890895,11362.355811680794,8333.133300745605
2023-12-27,7733.490416109652,5735.864763476795,10937.623077000202,8112.342994939139
2023-12-28,8054.381739340609,5702.764524857902,11391.465799151743,8065.528695794466
2023-12-29,7673.071134733306,5577.067291466762,10852.17093434272,7887.752699875457
2024-01-01,7820.894083222781,6280.716337928913,11061.239751359763,8882.936974321772
2024-01-02,7436.531144487745,6085.9880321524315,10517.627912144893,8607.529015378772
2024-01-03,7608.143956018919,6682.502249284078,10760.343186453914,9451.190456203307
2024-01-04,7709.554094895301,7115.555578355486,10903.76948111972,10063.6660436504
2024-01-05,8184.322103148996,8005.081208559538,11575.242935393331,11321.739117645018
2024-01-08,7857.976245991806,7807.71573702648,11113.685761818724,11042.601364846334
2024-01-09,9035.899607490981,7746.383057770534,12779.645250800957,10955.85738613697
2024-01-10,8697.82150120133,7648.998500621607,12301.494933386795,10818.124548530197
2024-01-11,8249.549619358528,7365.75094055344,11667.49545633299,10417.522118991783
2024-01-12,7885.245682443451,7107.619779727512,11152.253446186576,10052.442292208623
2024-01-15,7493.868643718572,6859.021370832946,10598.721431503005,9700.844818399564
2024-01-16,7148.722158745829,6645.676218941145,10110.574171228462,9399.106698722453
2024-01-17,7904.596801334603,7869.149194313087,11179.622102919986,11129.487875847652
2024-01-18,7947.906689021413,8116.706492781423,11240.8761035765,11479.61288731294
2024-01-19,7580.406491730497,7810.459960738232,10721.113561384938,11046.482572811055
2024-01-22,8025.075578197838,7630.6060356683865,11350.017536185549,10792.111734355603
2024-01-23,7747.318862728566,7366.878718212105,10957.180912947479,10419.117156456292
2024-01-24,7407.603438164718,7151.918804084853,10476.714905052475,10115.095247734387
2024-01-25,7129.646171338302,6994.411061693245,10083.59463820279,9892.329041882505
2024-01-26,7231.984528380621,6812.965079552215,10228.333729534263,9635.706526729373
2024-01-29,6989.021568725068,6706.290821568282,9884.706579127622,9484.835087952331
2024-01-30,7608.248824912163,6620.708327322185,10760.491504530888,9363.794133132833
2024-01-31,7289.828443471175,6407.483793286047,10310.143482506937,9062.22660559079
2024-02-01,7524.895030941781,7009.421358532071,10642.602643042574,9913.558391149554
2024-02-02,9335.76495527907,7115.207674035736,13203.75053463599,10063.17399593177
2024-02-05,8839.44745135884,6864.714683343936,12501.799217402979,9708.896978931765
2024-02-06,9937.609312691799,8997.467171829565,14054.9504945774,12725.289523622454
2024-02-07,9553.065832640143,8661.518195131037,13511.083312333087,12250.150474820104
2024-02-08,9140.942295775338,8335.907444755452,12928.209129415949,11789.632976795077
2024-02-09,8696.801413201414,8061.760839593809,12300.052203461739,11401.90220145836
2024-02-12,8301.867820191856,7763.171304257923,11741.490086182106,10979.60132352135
2024-02-13,7874.734208513985,7471.842551889121,11137.386868013189,10567.569509495308
2024-02-14,10167.610504423857,10659.929217365245,14380.245569254901,15076.5413200959
2024-02-15,9899.316883794296,10248.318960660197,14000.792781636912,14494.39307910385
2024-02-16,9731.5523440554,9870.19957790786,13763.520191561918,13959.611620263755
2024-02-19,9433.132990404329,9735.377220618917,13341.460004829392,13768.929787477451
2024-02-20,8927.102700779162,9334.25074180238,12625.771709420653,13201.608953619527
2024-02-21,8615.400505194815,9136.632847836669,12184.925345859758,12922.114194957257
2024-02-22,8200.344345544403,8802.080530182502,11597.903498572445,12448.950467694387
2024-02-23,9904.487581164725,8749.10996631535,14008.105797602533,12374.033188357209
2024-02-26,9607.116601271438,8440.82262965874,13587.528345882201,11938.01652494502
2024-02-27,9252.752343553679,8333.155524273561,13086.34421370769,11785.740883141465
2024-02-28,8776.174836641916,8028.056784971182,12412.311550950537,11354.233913816728
2024-02-29,8323.521592059378,7723.159703406891,11772.11542896251,10923.012152879292
2024-03-01,8096.0911839953205,7465.312821981797,11450.456262686024,10558.334387877758
2024-03-04,8223.503420850664,7274.270503742504,11630.657820732598,10288.139591449879
2024-03-05,7841.376791003075,7058.373249478669,11090.208835853682,9982.791984685144
2024-03-06,7463.653282364982,6824.8131712495415,10555.987269327996,9652.463508919089
2024-03-07,7391.129073063713,6634.833498167756,10453.41489610279,9383.771631816384
2024-03-08,7526.797792806015,6489.174692205974,10645.293755458375,9177.76360287551
2024-03-11,7336.149180986536,6519.370789300237,10375.655785533305,9220.470519240927
2024-03-12,7006.0180643869035,6331.649034301173,9908.745047293529,8954.97205877143
2024-03-13,6778.089164190919,6143.208754591851,9586.380854081925,8688.457375092297
2024-03-14,6625.283760001034,6157.617141397767,9370.265254885462,8708.835431513295
2024-03-15,6972.6230779777015,6816.340780966067,9861.513880724226,9640.480845658933
2024-03-18,7212.1347758179045,7295.585895251008,10200.259845683517,10318.286356431065
2024-03-19,6918.326837274878,7039.755521714976,9784.7216713399,9956.460577018912
2024-03-20,6786.940837948252,6818.661913921107,9598.899945197187,9643.763668292419
2024-03-21,6796.074219808227,6629.621505668288,9611.817461457971,9376.40021136171
2024-03-22,6703.365536144891,6438.790639373492,9480.697800953558,9106.50447545416
2024-03-25,6394.485130421188,6226.572375468929,9043.84234864199,8806.360134962286
2024-03-26,6528.535974606488,6550.344773091782,9233.4330157227,9264.277615607054
2024-03-27,6232.879064023169,6331.120762416582,8815.279804937774,8954.224913763815
2024-03-28,6928.590958501952,6265.131110764363,9799.238413865954,8860.89449012341
2024-03-29,6629.679620706238,6093.309654253501,9376.482404568917,8617.884125237953
2024-04-01,6339.845386007689,5915.226200117869,8966.56431540443,8366.017297611412
2024-04-02,7092.900207213621,7088.875143762258,10031.624119902348,10025.931395851083
2024-04-03,7539.386640305735,7810.131070009739,10663.098402715576,11046.017416377386
2024-04-04,7175.36030030639,7517.50223292418,10148.249003184581,10632.146867726362
2024-04-05,7025.472558500058,7461.752806585765,9936.259909576174,10553.29939016586
2024-04-08,6699.149339566252,7189.223046550014,9474.734753672912,10167.855349745638
2024-04-09,6392.389443880245,6931.94103363331,9040.878379174255,9803.976489055147
2024-04-10,6392.683109831181,6727.73262943771,9041.293716532817,9515.160646005226
2024-04-11,8860.565756590584,9788.499756803862,12531.667239501863,13844.062004163836
2024-04-12,8394.277610095549,9384.414080964969,11872.187015538337,13272.555921485571
2024-04-15,8578.757039758537,9695.240047620413,12133.099793410345,13712.163017750872
2024-04-16,10605.347573846659,12115.719784628462,14999.345460062783,17135.49370084863
2024-04-17,10218.763762081113,11801.86790269653,14452.592597738992,16691.60699486296
2024-04-18,9658.211089780647,11291.222854467569,13659.792256038694,15969.391958295473
2024-04-19,9202.080349239885,10871.369119399558,13014.67784515441,15375.58480854087
2024-04-22,8992.20938406107,10701.195147475895,12717.853334044867,15134.90451254674
2024-04-23,8769.420538144484,10278.829952089702,12402.758817690461,14537.545356536864
2024-04-24,8813.63300006502,9909.631586614601,12465.289346309943,14015.38106267554
2024-04-25,8407.870558065062,9556.028599600326,11891.411781251645,13515.273610184619
2024-04-26,8328.093723499893,9549.605073247587,11778.581881710761,13506.188694281049
2024-04-29,8608.959183629127,9246.907043496609,12175.815261846918,13078.077094288623
2024-04-30,8361.514076337033,8899.360868406135,11825.848924503178,12586.53590648626
2024-05-01,9779.413244174844,10745.344334759879,13831.21077595082,15197.345550640252
2024-05-02,9257.535614552942,10296.908329325568,13093.109285163151,14563.113950458934
2024-05-03,9433.506382702632,9950.988713420786,13341.988100682483,14073.873236353218
2024-05-06,10134.924896616554,9702.22227374057,14334.017690379635,13722.03811339741
2024-05-07,10161.564368121226,9388.188903683807,14371.694403301091,13277.894725293378
2024-05-08,9670.80845277557,9016.589333971444,13677.608946923267,12752.334362456091
2024-05-09,9245.297972510782,8775.94692418207,13075.80135448678,12411.989210009226
2024-05-10,8987.545581079237,8462.76926118921,12711.257228486318,11969.056064735498
2024-05-13,8521.478119368958,8140.20913730196,12052.089123225294,11512.853125969326
2024-05-14,8078.831425429729,7827.354787387716,11426.045456771375,11070.377248552602
2024-05-15,7955.491966779721,7574.750432108242,11251.604106663166,10713.114088324184
2024-05-16,9315.509751851725,7567.303061099686,13175.103213890008,10702.581129385424
2024-05-17,8818.941382198895,7288.318380832486,12472.797092464003,10308.007772099869
2024-05-20,8432.230303887172,7129.832885928782,11925.864234635275,10083.85871221126
2024-05-21,8002.056006121808,6880.927163110908,11317.460516106106,9731.826598455864
2024-05-22,7675.928681181819,6655.41408165424,10856.212416816628,9412.879143789374
2024-05-23,7344.5061507945675,6492.198622063564,10387.475207412424,9182.040404580042
2024-05-24,7812.8158776722585,7412.787040257814,11049.814591089818,10484.046172413633
2024-05-27,7655.330282523437,7177.31119422446,10827.079708506051,10151.008189682649
2024-05-28,7275.732026361525,6920.45229123859,10290.20665078082,9787.727741441724
2024-05-29,7262.593461713699,7110.270438480103,10271.624528070566,10056.191169466065
2024-05-30,8048.736931058366,8296.804370990043,11383.482239075882,11734.328753348022
2024-05-31,7697.6842576839235,8036.751677448306,10886.981743834502,11366.531266175469
2024-06-03,8155.962408651529,7845.494209593519,11535.133278265419,11096.032179540602
2024-06-04,8210.772754111065,7618.986273093426,11612.652595818041,10775.67768240095
2024-06-05,8170.821416260079,7394.226281148189,11556.148656286972,10457.795336602005
2024-06-06,8658.851699014795,7266.992298694632,12246.37919847702,10277.845887157582
2024-06-07,8224.385620713298,7025.014688985395,11631.90553283372,9935.612335983868
2024-06-10,8467.533715520238,7723.447592244204,11975.794523417982,10923.41931955581
2024-06-11,8186.705087388597,7638.818060585455,11578.613235478906,10803.726157909388
2024-06-12,8000.8656206334,7390.463727276169,11315.776931193217,10452.473884858386
2024-06-13,8136.803002172234,7203.970595305394,11508.035764054626,10188.713089384135
2024-06-14,8426.592581209115,7058.230640689007,11917.890695864633,9982.590290352458
2024-06-17,8008.879976015256,6811.900377583301,11327.111786951138,9634.200698416576
2024-06-18,7602.927283591093,6576.583895287662,10752.965147087256,9301.388106861048
2024-06-19,7581.635084202646,6414.204249521014,10722.851183164052,9071.731475093236
2024-06-20,7209.756236776835,6205.183682183376,10196.895832527058,8776.10969787897
2024-06-21,7127.291883502421,6373.75111651932,10080.264923988627,9014.517837104548
2024-06-24,6864.257737069149,6262.6685163926495,9708.250711095234,8857.411595908758
2024-06-25,6573.537349742613,6094.832636369393,9297.079319358158,8620.038107908178
2024-06-26,6454.1747553165,5932.500616038009,9128.262524214002,8390.448833702314
2024-06-27,6618.2551158622055,6349.282092220705,9360.324509349302,8979.910829086188
2024-06-28,6337.783596512058,6146.450394460145,8963.64828717475,8693.042088219621
2024-07-01,7240.268077905797,7454.539496390942,10240.049311706229,10543.097467902646
2024-07-02,7224.881504506677,7576.258699792358,10218.287787319308,10715.247260092745
2024-07-03,7432.778838206972,7371.797391321,10512.320953765133,10426.07372969934
2024-07-04,7745.483836471804,7200.852569040051,10954.585600293953,10184.303205334436
2024-07-05,7361.519527588629,6943.068370193048,10411.53755088579,9819.714093499295
2024-07-08,7541.00807114665,6781.36448563576,10665.391623296338,9591.013203705717
2024-07-09,7191.724249563176,6552.224855826789,10171.392848898677,9266.936652497596
2024-07-10,6874.368945089038,6364.196818175804,9722.55118555426,9001.005010628562
2024-07-11,7104.2286201303095,6241.871014802192,10047.646110475356,8827.997292521779
2024-07-12,6810.783264314357,6097.123400401668,9632.620743801961,8623.27797919465
2024-07-15,6964.890491093198,5981.584849919756,9850.577535529217,8459.86960237664
2024-07-16,6745.026250676032,5942.42714268887,9539.619344544137,8404.488109776768
2024-07-17,7449.606141005866,5928.490137133705,10536.120129236208,8384.776736854275
2024-07-18,8096.161567848864,7259.125430000296,11450.555807913257,10266.719624636371
2024-07-19,8296.249711954737,7832.44676043589,11733.544288489595,11077.578923206931
2024-07-22,8538.523719716755,8410.844273217263,12076.197041085648,11895.617563340076
2024-07-23,8344.1146233548,8118.86611917402,11801.240546109224,11482.667288133061
2024-07-24,7972.278620685593,7873.196966991186,11275.345791629119,11135.212717991659
2024-07-25,11285.700698194734,12210.226772199185,15961.58186729714,17269.15673688706
2024-07-26,10660.956445749276,11684.845936351025,15077.994148802472,16526.100594680414
2024-07-29,10877.22850168357,11284.04929536953,15383.871844722242,15959.246256767032
2024-07-30,10303.514931203807,10805.310038362884,14572.457793571928,15282.156189597084
2024-07-31,9823.36645999256,10442.24459278347,13893.37464785978,14768.665801381354
2024-08-01,10896.929611581862,10221.859719344804,15411.735500416078,14456.971269178504
2024-08-02,10600.10229157976,10199.315847731525,14991.926957254747,14425.087041341523
2024-08-05,10029.346391058003,9789.147797040527,14184.69599516852,13844.978539837379
2024-08-06,11178.360057698324,11557.599168852365,15809.767951015838,16346.13306310272
2024-08-07,10595.896713809592,11105.755582787277,14985.978928357565,15707.08205660698
2024-08-08,10563.00335332828,11291.514550386559,14939.457220910817,15969.80450940026
2024-08-09,11142.984036435511,10962.198848338461,15759.734969048137,15504.047027521623
2024-08-12,10789.286882189002,10534.243860860455,15259.494334043638,14898.782121883909
2024-08-13,10200.611610724221,10092.213596660134,14426.919663669694,14273.610283773312
2024-08-14,11086.217161227532,9880.913818318106,15679.448494134998,13974.764974940384
2024-08-15,10695.740788718207,9508.234147834331,15127.190308867888,13447.677004970063
2024-08-16,10597.186295002697,9197.232908737999,14987.802807648599,13007.82201754682
2024-08-19,10024.843204632787,8828.126855332783,14178.327052671111,12485.788282407564
2024-08-20,10123.38224170889,8579.50157940777,14317.69269327032,12134.152810044625
2024-08-21,9644.30018028427,8254.978168704818,13640.117791270148,11675.17315726877
2024-08-22,9198.719383805184,7948.70284771472,13009.92436760138,11242.00212600988
2024-08-23,9439.259040603272,8682.647723364673,13350.124194531787,12280.034369824738
2024-08-26,9514.745018612195,8428.380591615034,13456.88545376092,11920.41951310309
2024-08-27,9021.747328898446,8120.566455047105,12759.629413113564,11485.072105606603
2024-08-28,8551.234480497405,7815.3673539041265,12094.174112622592,11053.423192615457
2024-08-29,8313.561878813214,7791.852833326048,11758.029216453002,11020.166157424253
2024-08-30,7981.356752495243,7615.818325557902,11288.185166689369,10771.197193746168
2024-09-02,7579.3157084391905,7333.495180171423,10719.570845760161,10371.902181533062
2024-09-03,7227.112102851408,7089.713774875176,10221.44256512572,10027.117487838035
2024-09-04,7456.133354568524,7562.233720264159,10545.351691939473,10695.411463901346
2024-09-05,7175.751161645279,7295.184719313273,10148.801805835144,10317.718965646514
2024-09-06,6838.7149205934975,7032.584280750413,9672.12501830926,9946.318154070881
2024-09-09,7882.731977984075,8442.099755494868,11148.698265999583,11939.822788386993
2024-09-10,8144.927597673501,8200.060678725842,11519.52653451719,11597.502303177618
2024-09-11,7886.632332594816,7906.509279835357,11154.214611957685,11182.326957760246
2024-09-12,7809.542574027447,7652.554802989202,11045.18509527911,10823.154294835123
2024-09-13,7509.182391884286,7381.510711715268,10620.379957772564,10439.81146409639
2024-09-16,7481.834413837112,7162.179637898676,10581.701190527316,10129.607340809149
2024-09-17,7320.83818178654,6937.195087424993,10354.001147178422,9811.407397598075
2024-09-18,6982.921062979705,6711.660701649665,9876.0785174334,9492.429811827142
2024-09-19,7322.954944525667,7339.388389125344,10356.994925115456,10380.23705941921
2024-09-20,7889.972896264854,7205.55506967926,11158.939234905622,10190.954041728293
2024-09-23,7540.470498540477,7003.125966644895,10664.631324100701,9904.654698265871
2024-09-24,7168.923746547488,6756.557618631892,10139.145662371864,9555.928378302124
2024-09-25,6824.522366947954,6524.722609466414,9652.052218845813,9228.039700633019
2024-09-26,6651.577156206424,6483.755133936286,9407.45250690684,9170.09861819095
2024-09-27,6377.324876495898,6273.84569545214,9019.572274039008,8873.21969355147
2024-09-30,6128.535755968761,6077.636322192295,8667.705073128569,8595.717032602908
2024-10-01,5864.25747753528,5888.007033631958,8293.931260604983,8327.520711015424
2024-10-02,5895.929243802711,6037.522881824083,8338.725244042838,8538.983828388255
2024-10-03,6048.691414240303,6323.213548950672,8554.77969691838,8943.041590862249
2024-10-04,6256.858889586371,6664.361771506025,8849.19492984905,9425.534032299334
2024-10-07,5983.224647313521,6438.358453727776,8462.188799123596,9105.893227047842
2024-10-08,7242.493265583751,7998.633827349791,10243.196437103363,11312.620463361945
2024-10-09,7355.210835699477,7753.8706478434115,10402.615047555506,10966.447227665914
2024-10-10,7032.265024515311,7468.425883226651,9945.866623885071,10562.73724980423
2024-10-11,6895.096961533417,7414.831643801609,9751.867214773125,10486.937894223664
2024-10-14,6601.0239200183805,7148.250410488489,9335.95410023712,10109.906968665531
2024-10-15,6604.439885920066,6933.61996792802,9340.78536600021,9806.351037867975
2024-10-16,6323.8584120647,6709.615015016662,8943.953633070618,9489.536558183376
2024-10-17,6194.109592247629,6501.583033906752,8760.447401151261,9195.312957336599
2024-10-18,6618.142126375996,7104.702486253298,9360.16470616273,10048.316308376088
2024-10-21,6342.9407934702995,6856.1500999980035,8970.94220924978,9696.783925264019
2024-10-22,6796.331838994068,7466.069384227897,9612.181817188763,10559.404408300217
2024-10-23,6519.182875233953,7228.744533638851,9220.204748790939,10223.751343140773
2024-10-24,7043.7463760339115,7896.732508008038,9962.104918441357,11168.499482790561
2024-10-25,6815.702595809031,7611.966748274625,9639.578248212578,10765.749834493135
2024-10-28,6545.457882392386,7374.411563121621,9257.365992832278,10429.771002764313
2024-10-29,6249.45439677479,7105.641330028953,8838.72261436254,10049.644133044354
2024-10-30,6010.028042832689,6857.75038694128,8500.097352906985,9699.047241626853
2024-10-31,5779.4599214368,6639.743161725358,8174.000458786969,9390.715462679103
2024-11-01,7338.8907913897165,8424.744527112196,10379.533297445843,11915.276957688153
2024-11-04,7066.9526938822755,8179.632246349544,9994.926056630362,11568.609981423331
2024-11-05,6908.8803793208235,7887.073190861534,9771.361365584695,11154.838126217393
2024-11-06,7617.64234449991,7721.031052759454,10773.77693854438,10920.001561646672
2024-11-07,7694.427153872817,7496.094364586415,10882.375159757754,10601.869311000779
2024-11-08,7545.687052263537,7254.885183114052,10672.009195580944,10260.722562546716
2024-11-11,8011.083567904182,7118.093065573924,11330.228369011733,10067.254860247387
2024-11-12,7760.179035427189,7069.538556806496,10975.369300611303,9998.58329191121
2024-11-13,8365.17506489479,8154.561526896908,11831.026730484618,11533.151984466233
2024-11-14,8204.49980774891,8177.223477765929,11603.780648068734,11565.203214047964
2024-11-15,7935.943678677542,8041.56217664081,11223.956589751937,11373.334846984235
2024-11-18,8729.135920018329,9207.6024741074,12345.783513506087,13022.487891735602
2024-11-19,8355.351565539278,8847.029795882614,11817.133167880094,12512.523071960068
2024-11-20,8217.23453053889,8534.000032336497,11621.79160953275,12069.799103696292
2024-11-21,7813.576555533863,8214.60975243716,11050.890432305825,11618.079335773715
2024-11-22,7435.643127243988,7899.793734727557,10516.371972410634,11172.82903415867
2024-11-25,7071.946405422763,7600.476073539756,10001.9887581592,10749.498353934163
2024-11-26,8336.719750030086,7540.978962737384,11790.781835646561,10665.350454717625
2024-11-27,7908.956039258608,7262.995681488106,11185.787456305105,10272.19339517324
2024-11-28,7529.896288305198,7004.445229826415,10649.676016772779,9906.520557359556
2024-11-29,7175.541972335343,6760.759362490448,10148.505945402054,9561.87098482495
2024-12-02,7491.643675301805,6629.046793479643,10595.574616211152,9375.587384945833
2024-12-03,7137.348990618529,6407.787318979998,10094.488882507001,9062.655887772054
2024-12-04,7063.399961410994,6553.843384994927,9989.901359297919,9269.225769187175
2024-12-05,7464.578952226064,6448.390691657649,10557.296461877475,9120.082012601535
2024-12-06,7104.9841208666985,6241.0157474511025,10048.714629584374,8826.787671585702
2024-12-09,6877.020701374785,6059.922421736919,9726.301615073788,8570.663925146953
2024-12-10,7327.520545218929,6934.314374166657,10363.452141303243,9807.33314986293
2024-12-11,7228.896114578741,7017.912428077675,10223.965726956745,9925.567472846604
2024-12-12,6880.568843911199,6770.484770150297,9731.319820773757,9575.625814472376
2024-12-13,7582.246126468585,7826.130192688781,10723.71539190155,11068.645280900437
2024-12-16,7549.017314890711,7935.156262715846,10676.719249567377,11222.842932330715
2024-12-17,7386.591997665678,7662.870272544032,10446.998023784403,10837.743660281025
2024-12-18,7078.913021369768,7432.391757608661,10011.841776039953,10511.773498288117
2024-12-19,12382.342081986564,13891.39526031628,17512.582704069224,19646.865412086427
2024-12-20,12408.626439565433,14099.908863623017,17549.75717258862,19941.770180397176
2024-12-23,12374.488382639911,13554.11602533478,17501.475067207757,19169.844953608583
2024-12-24,11684.446557436411,12955.663831015278,16525.535745459958,18323.442594664022
2024-12-25,11459.174148037619,12440.335707044922,16206.928677877766,17594.604194706342
2024-12-26,10817.836800885923,11898.467716852265,15299.873028886968,16828.229955478877
2024-12-27,10221.822204323318,11386.535310504469,14456.918210967702,16104.194183756714
2024-12-30,10494.688334349303,11844.832667466755,14842.8379858842,16752.372881592426
2024-12-31,10099.411111695834,11529.344797218087,14283.789866641555,16306.172366110133
2025-01-02,9817.70587877168,11324.144575698649,13885.368779815803,16015.953776891838
2025-01-03,9338.096497107717,10890.304749854577,13207.048078738051,15402.365832050116
2025-01-06,9004.866762576285,10448.171388899358,12735.754906025088,14777.048182231634
2025-01-07,8583.305459481157,10016.09090836733,12139.532710223482,14165.948513039073
2025-01-08,9157.51910164426,10715.395453440533,12951.654022298622,15154.988276263024
2025-01-09,8670.00425948833,10261.753769544299,12262.15247758381,14513.394185690824
2025-01-10,8234.79718698161,9846.952014311675,11646.630809695353,13926.7321474265
2025-01-13,9570.710768324534,11344.527790833981,13536.038881597357,16044.782147039328
2025-01-14,9064.214951268643,10864.912692068283,12819.692181859487,15366.453360155494
2025-01-15,8583.509361973862,10403.549207006581,12139.821093410073,14713.93817883655
2025-01-16,11267.488084435336,10370.741047155527,15935.823420098146,14667.536972267093
2025-01-17,10641.397462408155,9940.088012107983,15050.331505410706,14058.45616646379
2025-01-20,10430.724483051248,9584.829785253114,14752.372690343906,13556.00767667867
2025-01-21,9867.320007709659,9203.46695603188,13955.538989180372,13016.638949601536
2025-01-22,10642.553069039179,9031.855449286837,15051.965901921896,12773.925520676441
2025-01-23,10056.794464798422,8669.987111152304,14223.516329662896,12262.128224364922
2025-01-24,9507.028825719079,8327.252003841471,13445.972294900786,11777.391421534961
2025-01-27,8998.002169126716,8005.470981580446,12726.046180509396,11322.29038106669
2025-01-28,8667.110567882903,7892.7403999232165,12258.059874324705,11162.853368143098
2025-01-29,8391.690106335222,7622.0451233164895,11868.52745959167,10780.003872644776
2025-01-30,8184.668472565033,7637.4430556438565,11575.73281226835,10801.781462180681
2025-01-31,7962.255191015155,7383.674475433699,11261.169463764836,10442.871716415393
2025-02-03,8126.069453088397,7863.276508827093,11492.855100752458,11121.182024693846
2025-02-04,8033.505920390795,7970.51789018163,11361.940730028862,11272.855556876593
2025-02-05,8148.07168050604,7742.130344455477,11523.973270867124,10949.84269253914
2025-02-06,8683.866845167984,7595.272215592162,12281.75859705618,10742.13843833144
2025-02-07,8279.742683801303,7322.448524921646,11710.198083561534,10356.278686205265
2025-02-10,8748.146326844557,8292.88437937475,12372.670294664124,11728.784634399639
2025-02-11,8295.911006137154,7972.640330141936,11733.06525038812,11275.85736421588
2025-02-12,7953.344741702919,7768.632870163274,11248.567245260636,10987.325720406681
2025-02-13,7986.104449319407,8022.596340648622,11294.899924910107,11346.511103207346
2025-02-14,9373.486638719845,7980.4326896126495,13257.101031385253,11286.87824692023
2025-02-17,8967.91424333929,7693.3503420482475,12683.49225288752,10880.852204245004
2025-02-18,8493.626758643233,7406.062383796918,12012.698412251508,10474.5353624515
2025-02-19,8168.18242534307,7288.553707719496,11552.416281072055,10308.340599407013
2025-02-20,7753.599361606402,7025.605106496697,10966.063542363843,9936.44737473729
2025-02-21,7436.010850866259,6863.226481159004,10516.892050947039,9706.792186181621
2025-02-24,7360.058825325848,7000.348508428026,10409.471651800335,9900.726486106334
2025-02-25,7110.109468803651,6884.644087693411,10055.963506980808,9737.083515824555
2025-02-26,6853.008746806912,6657.986241189619,9692.341049498074,9416.516998105875
2025-02-27,6699.219864848386,6457.304640922402,9474.8344989253,9132.68918115537
2025-02-28,8741.855986043776,9229.03226096847,12363.773745628323,13052.796448246978
2025-03-03,9640.04140899146,9041.42860243024,13634.094529758779,12787.46501385572
2025-03-04,9940.238298632172,9764.38127553901,14058.668719562931,13809.95077584769
2025-03-05,10472.530215999739,10729.440366542363,14811.499336249592,15174.852264888012
2025-03-06,10281.996060901887,10328.33991444993,14542.023244650145,14607.568241122666
2025-03-07,10433.85838058403,10787.758572816836,14756.805021430022,15257.332816933204
2025-03-10,9881.772734991548,10334.00460149343,13975.979757182706,14615.579916109928
2025-03-11,10568.142065309765,11378.996770388108,14946.724999330463,16093.532282608969
2025-03-12,10679.086083417396,11703.010590429118,15103.635241332107,16551.791211586904
2025-03-13,10132.734888492867,11203.957922978958,14330.920320097446,15845.97150037722
2025-03-14,9936.785620288972,11126.380661634446,14053.78553069321,15736.252499217711
2025-03-17,10259.891150105574,10760.465062475472,14510.759847473477,15218.731084403715
2025-03-18,10112.185942396105,10360.331518249808,14301.857553488491,14652.814576886256
2025-03-19,9900.088276906039,10335.828126441063,14001.883777635672,14618.158962242469
2025-03-20,10063.326161424444,9997.273099572467,14232.75423284823,14139.334126952226
2025-03-21,9583.942167528186,9663.000421268276,13554.752301991519,13666.565898958504
2025-03-24,9211.367803781828,9435.895352688845,13027.813269349537,13345.36686652372
2025-03-25,9126.339460339861,9107.107038302554,12907.556060587416,12880.355279079538
2025-03-26,8641.146226987501,8740.287266516883,12221.338011507743,12361.555075664894
2025-03-27,9401.111812716137,9893.857580177422,13296.171842151189,13993.071584349345
2025-03-28,9087.00623791076,9701.770596218901,12851.92633349328,13721.399297258959
2025-03-31,9047.465337219619,9816.912009157957,12796.002883069925,13884.24599487136
2025-04-01,9202.264861615133,9494.243417332891,13014.938804527854,13427.889647830802
2025-04-02,8906.805601640064,9133.340240505311,12597.065134770028,12917.45739757429
2025-04-03,8511.175885214929,8775.875379097371,12037.51847685932,12411.888022430614
2025-04-04,14050.748435447471,15655.259331055553,19872.241648679086,22141.532027903413
2025-04-07,18382.26614826291,20924.512136108264,25998.38981011407,29593.936825488337
2025-04-08,18330.411516053442,21129.576661432893,25925.05081421616,29883.963496988767
2025-04-09,19041.82061162147,22171.211046597822,26931.21027420125,31357.166885880804
2025-04-10,34336.71293000377,23693.49715764141,48563.068359043464,33510.16518316494
2025-04-11,36252.83798532276,29549.988792453416,51273.080591012855,41793.11306420751
2025-04-14,35051.957711997704,28329.644617098787,49574.652703538755,40067.15700865502
2025-04-15,33193.60769204282,27048.21589484157,46946.35280663045,38254.80791271574
2025-04-16,31174.511539823714,25785.211960859724,44090.706587273846,36468.51734644241
2025-04-17,29827.02529661669,25421.591749511816,42184.931078851405,35954.24234241346
2025-04-21,28015.79464141268,24235.264507446413,39623.27299870921,34276.39708477158
2025-04-22,27930.487318493826,25469.491153549992,39502.621223949034,36021.98738362942
2025-04-23,27631.46124133395,24487.875570657092,39079.70293657964,34633.66973215511
2025-04-24,26254.856635466247,23392.006897618943,37132.744772168066,33083.76175494793
2025-04-25,25593.52203623087,22444.90174979899,36197.40662793923,31744.252870374654
2025-04-28,24269.105388212643,21437.67159086553,34324.25888823923,30319.708035192303
2025-04-29,22812.054328408434,20446.135625450464,32263.52376883125,28917.359797402005
2025-04-30,21707.068302967527,19542.947982545295,30700.72094613053,27639.964278126183
2025-05-01,20465.867425075594,18725.4973484613,28945.26685816218,26483.828246582056
2025-05-02,19241.73695010755,17866.195368939578,27213.955766810865,25268.501058518275
2025-05-05,18175.599535669226,17061.699883585654,25706.097276015706,24130.687741051715
2025-05-06,17262.38785771878,16502.571603476725,24414.524572682407,23339.90194441019
2025-05-07,16365.019059820574,15911.044628209056,23145.358756943435,22503.294054927548
2025-05-08,15509.872402525856,15207.34846505409,21935.908520403093,21508.043142443435
2025-05-09,14608.682351027242,14530.85851775133,20661.33823277445,20551.27050022692
2025-05-12,13801.307956071247,13930.455294348703,19519.453218518225,19702.108763617773
2025-05-13,14829.369156872895,13566.998628028925,20973.459793742408,19188.065064443115
2025-05-14,13969.086031379155,12970.46540625567,19756.744952206773,18344.376744991278
2025-05-15,13159.43574259041,12399.484323472343,18611.64109787104,17536.827303335267
2025-05-16,12639.886234279926,11893.32406374495,17876.83231348264,16820.955188730677
2025-05-19,12081.121244482185,11402.766688680767,17086.560325261053,16127.150531661766
2025-05-20,11404.07064436398,10921.243813764333,16128.994741068478,15446.123540561039
2025-05-21,10919.24485560876,10651.980941101761,15443.296375894643,15065.29992129611
2025-05-22,12422.380501045202,12908.355649914816,17569.209804214082,18256.533731331438
2025-05-23,11767.168794491565,12348.300183669966,16642.531383950798,17464.436597643995
2025-05-26,11327.00674681295,12071.065580242519,16020.001800118824,17072.338407430365
2025-05-27,10709.703847388339,11549.330606405538,15146.93852920806,16334.438677441669
2025-05-28,12699.874386010364,11407.221863323548,17961.67470125448,16133.45157017905
2025-05-29,12328.787081550929,11405.603264421978,17436.838844940186,16131.162354864146
2025-05-30,11701.87524456285,10927.66910484665,16550.185470261957,15455.21095235533
2025-06-02,11094.199641947733,10471.408733359214,15690.738268950667,14809.913201949363
2025-06-03,10483.856983144578,10039.817582095759,14827.518999176064,14199.505600479424
2025-06-04,10094.063172272627,9650.419894078295,14276.226173858306,13648.77301927415
2025-06-05,9683.193560822318,9275.20949337013,13695.12544158408,13118.105789252468
2025-06-06,9219.508613432808,8969.575680732878,13039.326971793462,12685.842055499188
2025-06-09,8761.135366499304,8615.688035663161,12391.040941323217,12185.332005688206
2025-06-10,8305.00272358231,8278.15971409573,11745.923839871926,11707.959259298454
2025-06-11,8203.508682206468,8004.003697826694,11602.378880299988,11320.215173652958
2025-06-12,7794.50186926594,7708.493862078629,11023.912739506724,10902.269973614224
2025-06-13,8149.714401034996,7528.027853350192,11526.296601859962,10647.033453559774
2025-06-16,8663.097413757574,8489.058521410534,12252.383993860518,12006.23746715568
2025-06-17,8215.332091824226,8157.479141116657,11619.100954153551,11537.278421935302
2025-06-18,7818.149317343955,7867.203398735671,11057.357776597803,11126.735900030064
2025-06-19,7452.172940535675,7595.852552490118,10539.750402794545,10742.959219881035
2025-06-20,7092.088716378916,7317.56580953703,10030.476412928798,10349.372968657864
2025-06-23,6803.360249330671,7103.835188926434,9622.122232053971,10047.089673215698
2025-06-24,7067.017026917398,6931.115224917915,9995.01704406963,9802.808532029705
2025-06-25,8254.026440708101,6918.6607891955055,11673.827110200782,9785.19398591419
2025-06-26,7833.876823789932,6677.924865459571,11079.601489099063,9444.716574908141
2025-06-27,8143.476200209615,6567.882042461134,11517.473795386377,9289.080910347322
2025-06-30,7729.066841502346,6348.033070583209,10931.366731016129,8978.144313948666
2025-07-01,7907.76251747967,6238.633234005447,11184.099435676668,8823.41803735299
2025-07-02,7534.5320816949,6044.134164678933,10656.232507830659,8548.334291895799
2025-07-03,7164.052386577548,5857.057071887531,10132.256005004137,8283.74758948896
2025-07-04,6856.490357704414,5688.804694735959,9697.265158231477,8045.78504165161
2025-07-07,6553.932622814986,5544.38253956118,9269.351979939049,7841.52603151833
2025-07-08,7245.274607112743,6787.970746536168,10247.130141505344,9600.35656456726
2025-07-09,6964.417837033354,6635.726064659326,9849.90905187252,9385.03400563864
2025-07-10,7252.408852919915,6504.061620467767,10257.220241496283,9198.818469609765
2025-07-11,6936.098215771426,6293.851445011107,9809.856071086362,8901.51420693097
2025-07-14,7539.003397808009,7339.316176877986,10662.556375537462,10380.134928259717
2025-07-15,7171.268469438024,7075.044206745885,10142.461848701298,10006.370037687155
2025-07-16,7316.077714067284,7432.153982291744,10347.268326837044,10511.437208119836
2025-07-17,6969.278183874264,7161.613676346136,9856.783133161693,10128.806890584905
2025-07-18,6834.836030135225,6933.092053746168,9666.639029511605,9805.60439876617
2025-07-21,6525.9160420376165,6698.54630588911,9229.727595093254,9473.88187163538
2025-07-22,6495.772656225286,6507.744837077149,9187.095229299784,9204.02771314881
2025-07-23,6349.304615766374,6312.800669009488,8979.942684566655,8928.314456048005
2025-07-24,6263.3961601094015,6137.178185201136,8858.440716303296,8679.928225719083
2025-07-25,5989.310154609828,5943.723495898904,8470.795648225094,8406.321566860583
2025-07-28,5992.487821814206,5800.391050419628,8475.289883593025,8203.603753945046
2025-07-29,5890.209370378189,5809.054406348376,8330.635517903751,8215.85650356159
2025-07-30,5653.835448414429,5638.5250468992945,7996.327369246025,7974.673576208248
2025-07-31,5721.572430652947,5829.427308450567,8092.1290758796895,8244.6702877895
2025-08-01,5936.338081731162,6189.127307265921,8395.876234664136,8753.400860422562
2025-08-04,6163.413057117257,6551.688726771666,8717.032705721304,9266.178394943754
2025-08-05,8249.998610059434,6681.022816311797,11668.130472449562,9449.098065917962
2025-08-06,7905.294761202199,6562.816930890252,11180.609240880192,9281.917226392938
2025-08-07,7553.44437416905,6351.580910875044,10682.980523988193,8983.162092178356
2025-08-08,7180.589352682823,6144.747780183529,10155.644551748806,8690.634048356489
2025-08-11,6953.235811089218,5971.24521876278,9834.094099188358,8445.246064715737
2025-08-12,6677.461602535494,5853.416276477073,9444.061373313976,8278.598343061096
2025-08-13,6551.162532955121,5708.346598123199,9265.434188987434,8073.42352853866
2025-08-14,6749.78786376194,5624.14984055772,9546.35378479943,7954.342447551167
2025-08-15,6524.1667041716955,5580.1696002192675,9227.25347316612,7892.140354346806
2025-08-18,6730.997591663143,6127.341123612585,9519.778344387325,8666.015481789553
2025-08-19,6424.382203085737,5937.468681970767,9086.126349050053,8397.475264158735
2025-08-20,6233.731754328283,5874.533099032459,8816.48578110855,8308.46426818251
2025-08-21,6017.663081181814,5761.8591259210925,8510.895733346846,8149.107317805616
2025-08-22,6100.914968594418,6017.393124838911,8628.64046644577,8510.513928939386
2025-08-25,7486.901001608868,6084.390336153489,10588.866962300766,8605.269363437956
2025-08-26,7185.3094698449095,5983.920702992911,10162.320303527156,8463.173243954085
2025-08-27,6839.718761762496,5800.234458840336,9673.544770031303,8203.38228348615
2025-08-28,6531.391556957601,5630.986229730461,9237.471720336174,7964.011283219902
2025-08-29,6501.370379026564,5514.909581434935,9195.012195481364,7799.84186439535
2025-09-01,6748.133179849136,6125.692060250474,9544.013533764512,8663.68318000674
2025-09-02,6436.980627699617,5933.264309822923,9103.944541402574,8391.528940396212
2025-09-03,6918.353902811064,6770.265038972752,9784.759950644231,9575.315044474752
2025-09-04,6962.610194292267,6591.843982508757,9847.352468247784,9322.970739432598
2025-09-05,7470.143554192643,6497.317230947202,10565.166584630482,9189.27975080477
2025-09-08,7240.148831704154,6304.408572475823,10239.880659527618,8916.445353770483
2025-09-09,7541.203005490257,6206.969073710656,10665.667322658517,8778.634811187389
2025-09-10,7169.117867344009,6009.095306317974,10139.420211118873,8498.778165854415
2025-09-11,6877.447398320332,5833.656076467808,9726.905100706716,8250.651115095669
2025-09-12,7231.986112373704,5773.741990021431,10228.335969805907,8165.913479268488
2025-09-15,6920.787319016427,5652.55885310666,9788.201577621398,7994.521856140435
2025-09-16,6759.953725042532,5519.995987821768,9560.731556408038,7807.03566601431
2025-09-17,6446.891235411758,5367.067223690123,9117.96130301821,7590.745596498086
2025-09-18,6157.5388300505965,5224.275234968562,8708.724674280544,7388.792161888754
2025-09-19,5981.82378985236,5209.793899132882,8460.207539683117,7368.310932262843
2025-09-22,5748.190920963534,5081.641779778898,8129.776114697955,7187.062944278948
2025-09-23,5514.7465727467625,4958.575569088487,7799.611318096902,7013.008053974507
2025-09-24,5300.573198160006,4844.363535004165,7496.70182725699,6851.475794612087
2025-09-25,5338.756792862628,5038.142129696176,7550.705613918735,7125.540559044577
2025-09-26,5547.163834015755,5436.490546342291,7845.4596693420635,7688.932326559928
2025-09-29,5345.818973190838,5291.88359395653,7560.693790327521,7484.41195420459
2025-09-30,5613.808841359595,5223.221264798465,7939.71697504356,7387.301511763825
2025-10-01,5416.318909275457,5094.931362165604,7660.403195312351,7205.858654259235
2025-10-02,5331.211234148192,4990.391652698703,7540.03378623379,7058.00614818433
2025-10-03,5159.219895772479,4878.761521690939,7296.783154184947,6900.1255236146435
2025-10-06,5013.623796785695,4810.284829985011,7090.863812915477,6803.277631765033
2025-10-07,4887.098398808886,4753.655417594852,6911.916528018738,6723.1855731384
2025-10-08,4737.8743834474335,4662.196774885974,6700.866155387499,6593.833869410943
2025-10-09,4693.850987132143,4585.687233954693,6638.603025861534,6485.624965607627
2025-10-10,4742.791702619831,4725.409582598439,6707.820813732321,6683.2369496756555
2025-10-13,7125.785228866765,7733.764582041472,10078.134033585284,10938.0108351096
2025-10-14,7925.352652858323,7597.803094383123,11208.977499822751,10745.717908503337
2025-10-15,7534.313972673753,7323.4935683431195,10655.924032079784,10357.756711059266
2025-10-16,7222.293980739154,7067.156698287095,10214.628203076081,9995.2145839532
2025-10-17,6887.959878780705,6829.085453821588,9741.77310243597,9658.505879690527
2025-10-20,6738.917171479786,6618.54586868251,9530.979157254724,9360.73572661162
2025-10-21,6997.395596218128,6478.571491610601,9896.550126016193,9162.767293928075
2025-10-22,6679.755860493152,6266.448039215127,9447.306186125794,8862.757047162833
2025-10-23,6653.284896656965,6423.007600093953,9409.867796815579,9084.182221806637
2025-10-24,6356.462014218524,6213.3477715876725,8990.065529785219,8787.656325322267
2025-10-27,6427.6750905429735,6067.345585720678,9090.783542620398,8581.162647628586
2025-10-28,7105.1985664365,6027.213106083325,10049.0179240461,8524.402515812251
2025-10-29,6850.767557467262,5855.953978222113,9689.171292645435,8282.18746306715
2025-10-30,6738.121238639273,5966.045489225196,9529.85345424926,8437.891988002077
2025-10-31,7894.115400253858,7778.601624728425,11164.798057350443,11001.42472022617
2025-11-03,7497.138929144868,7486.348335780211,10603.346658589668,10588.085316472536
2025-11-04,7148.621031942023,7230.224245723855,10110.431145659992,10225.844128180575
2025-11-05,7483.317818096833,7799.312611116903,10583.799197480275,11030.716663511983
2025-11-06,7244.036069764965,7649.287006372047,10245.378454498847,10818.532587718722
2025-11-07,7065.188271069032,7556.120503847665,9992.430599774358,10686.765425262382
2025-11-10,6730.884328545092,7277.259417588881,9519.618154198019,10292.366869341526
2025-11-11,7479.260798738382,7157.787142833139,10578.061277579785,10123.3949512141
2025-11-12,7217.802903617895,6918.299422164215,10208.276386998343,9784.682897625715
2025-11-13,6886.439206765572,6679.687757904916,9739.622386985335,9447.209867335621
2025-11-14,8835.826174027417,9330.086199730766,12496.67757576677,13195.71896229391
2025-11-17,8410.733481535235,8991.368415407149,11895.4608685499,12716.66393602906
2025-11-18,8348.525247217072,9059.863074221412,11807.478575607453,12813.537239102863
2025-11-19,8380.742947146795,9224.204243275142,11853.044683442171,13045.968090688184
2025-11-20,7957.330652010314,8852.430419848188,11254.204594273211,12520.161277496987
2025-11-21,8563.044287731507,9646.453556629209,12110.876948365372,13643.163352528596
2025-11-24,8602.147903957624,9311.295434550027,12166.181939024957,13169.142824506604
2025-11-25,9240.512572980613,9077.5112034988,13069.033272609442,12838.497325126651
2025-11-26,9183.171303620144,8774.91754641093,12987.934421085027,12410.533341383449
2025-11-27,9111.738987765953,8488.131970078048,12886.906333599094,12004.927027924372
2025-11-28,8627.977524569644,8155.775477525065,12202.713264374202,11534.868898005974
2025-12-01,8189.511457831178,7844.1815065941455,11582.582338751012,11094.175598637717
2025-12-02,8489.189760045112,8475.44266594427,12006.423080461049,11986.980302932565
2025-12-03,8058.062696602239,8145.310887734543,11396.671847252144,11520.06862896501
2025-12-04,7762.410928476711,7848.7331734168765,10978.525909543408,11100.613107886504
2025-12-05,7393.838359017072,7570.8387291397385,10457.246690929085,10707.581692167134
2025-12-08,7065.7694349304265,7323.559058004159,9993.252550914125,10357.849334336643
2025-12-09,6911.835114527033,7266.504104613682,9775.540303973308,10277.15542495248
2025-12-10,6592.92274662956,7007.943459212189,9324.496456115163,9911.468169938062
2025-12-11,6612.032421621922,6804.446771940885,9351.523634134941,9623.658921716173
2025-12-12,6365.469013382758,6578.1354300534185,9002.804300587599,9303.58247208886
2025-12-15,7439.694662506963,7998.516607595362,10522.102136050236,11312.454677226302
2025-12-16,7095.571276038973,7711.6216703360105,10035.40186351519,10906.69369252194
2025-12-17,6756.9999335634375,7423.336835619738,9556.553952750693,10498.966949320245
2025-12-18,7262.840492453457,8087.334099258773,10271.973908359998,11438.070950627942
2025-12-19,7342.1923087416235,7832.93325138908,10384.20269644091,11078.266976645938
2025-12-22,7130.621091008691,7557.63484789143,10084.97348569743,10688.907190942353
2025-12-23,6851.273545362577,7287.226885657408,9689.886920981762,10306.46404964429
2025-12-24,6765.843413104959,7055.709960616142,9569.061454630159,9979.025244422193
2025-12-26,6737.341259592248,6845.427165457503,9528.750314998379,9681.618274313054
2025-12-29,6484.887180236082,6671.32408409814,9171.699692876073,9435.380963863143
2025-12-30,6231.133034943541,6482.993349434341,8812.81036269024,9169.021211832389
2025-12-31,6031.606571931041,6344.788051328638,8530.616278403058,8973.55482129084
2026-01-02,6862.1185428176295,7430.234064412166,9705.225207842157,10508.721831624134
2026-01-05,6540.977024122796,7158.259266787157,9251.02862947147,10124.062685132012
2026-01-06,6531.6248861361755,6940.377549066831,9237.801722246151,9815.908413830399
2026-01-07,6334.907914951119,6711.505670713344,8959.581155865259,9492.210548615383
2026-01-08,6067.362366985275,6492.543534570584,8581.18638169135,9182.528220920834
2026-01-09,5923.106558412663,6399.623684913067,8377.162638731977,9051.109904321083
2026-01-12,6168.708691109321,6256.131626009013,8724.52242193512,8848.166347092912
2026-01-13,5931.28576575669,6084.1924061033,8388.730647765939,8604.989427190789
2026-01-14,5683.602542727114,5894.077097142346,8038.4275387906155,8336.105717675777
2026-01-15,5518.788207694594,5781.8602651972315,7805.327479531865,8177.395310774131
2026-01-16,5327.047498311577,5615.154720788032,7534.144935181721,7941.620478003189
2026-01-19,5408.458166657518,5773.25447402192,7649.285597017893,8165.223976086905
2026-01-20,5203.886396423804,5603.219835630037,7359.955838446002,7924.740742165731
2026-01-21,9115.065545698924,10260.870400114038,12891.611147965818,14512.144819447893
2026-01-22,9909.304629011542,9995.260246595579,14014.918640298061,14136.487310574877
2026-01-23,9467.280781229249,9594.312862914008,13389.755877049933,13569.419774384089
2026-01-26,9019.102123769091,9209.894281555962,12755.888249019541,13025.729238745644
2026-01-27,8995.87526514587,8900.342447698875,12723.03805962067,12587.92417281188
2026-01-28,8519.48407388273,8544.782247268407,12049.268906640906,12085.048596036102
2026-01-29,8102.342914924725,8213.199567843014,11459.29820504393,11616.084884791058
2026-01-30,7764.236417233541,7978.991899603527,10981.107733128772,11284.840510115118
2026-02-02,7648.627338584886,7996.508903914895,10817.599606978622,11309.615143597153
2026-02-03,7279.657363941441,7700.439648508941,10295.758330628987,10890.87874566062
2026-02-04,7380.303758170761,7940.709446351665,10438.104446665584,11230.696905920624
2026-02-05,7239.181357976201,7883.298304879252,10238.51234297146,11149.499232934892
2026-02-06,7160.286815821501,7886.132156747076,10126.930286423869,11153.507203711159
2026-02-09,8320.241397482436,7790.533118845047,11767.476187174987,11018.2996600491
2026-02-10,8023.587111416973,7518.167723886915,11347.912369212325,10633.088084294805
2026-02-11,7785.690159213178,7267.205524043454,11011.450169821483,10278.14745583749
2026-02-12,7503.711943428988,7137.55712520601,10612.642998127334,10094.783251225996
2026-02-13,7508.922656549529,7361.217593409844,10620.012609131978,10411.110519614798
2026-02-16,7180.121319657032,7099.840562803472,10154.982603708755,10041.43999725884
2026-02-17,6838.997610252175,6849.628340244293,9672.524831688215,9687.560075986823
2026-02-18,6526.720481450266,6613.54956977043,9230.865329106024,9353.669365713762
2026-02-19,6253.134019842548,6394.125285543866,8843.926775487083,9043.33341316492
2026-02-20,6126.83425623939,6352.371123386156,8665.298609590876,8984.279704812785
2026-02-23,5972.852628127285,6161.440105274385,8447.519454454836,8714.242322279248
2026-02-24,5987.226433462715,6275.334423256248,8467.848601642192,8875.325229694847
2026-02-25,5958.9683337549,6104.660948944977,8427.882631964061,8633.938477941707
2026-02-26,6005.157802613881,5955.540470687956,8493.209279224653,8423.034539813107
2026-02-27,5794.1792414749325,5818.793662118859,8194.818274011965,8229.630918856155
2026-03-02,5594.144044822214,5683.0927639560305,7911.904678029042,8037.706548946346
2026-03-03,5760.314436057606,5980.321433639791,8146.9226334537125,8458.082728621575
2026-03-04,6519.866236421982,6988.253834123541,9221.17123956004,9883.620757429673
2026-03-05,6236.008688167052,6744.3396861507745,8819.706092088421,9538.648323234062
2026-03-06,6337.239885863115,6935.447149278214,8962.879306828088,9808.935255320435
2026-03-09,7584.234950014171,8462.477771029246,10726.52822299564,11968.643804639627
2026-03-10,7702.710242216163,8194.677936516946,10894.090089671454,11589.889388150412
2026-03-11,7468.922554775012,8044.741795459916,10563.439701853273,11377.831842558116
2026-03-12,7591.347070064538,8299.289935299115,10736.587030106495,11737.844134383427
2026-03-13,8898.8385524356,9935.043816450283,12585.797185041554,14051.322064284566
2026-03-16,8858.850164736212,10000.618995556106,12529.240845202852,14144.066291493045
2026-03-17,8883.806769096152,9646.958555278272,12564.53744700664,13643.877581755069
2026-03-18,8549.443538760654,9268.606384698676,12091.641149546997,13108.76688664849
2026-03-19,9255.398568021312,10235.941496509122,13090.086819471295,14476.887395350559
2026-03-20,8781.734021061075,9826.381045868784,12420.17401156284,13897.638234193153
2026-03-23,10273.585734283797,11657.53277501777,14530.128359216327,16487.471069378083
2026-03-24,10302.374213709078,11228.091822823713,14570.844455050335,15880.104535485163
2026-03-25,9835.082557903412,10853.741580445378,13909.94494871839,15350.653843804128
2026-03-26,9731.17001289766,10447.9262934544,13762.979453309337,14776.70153906657
2026-03-27,11451.460517666592,12674.647563439721,16196.019143241529,17925.99592467861
2026-03-30,12305.491036505695,13849.039292273706,17403.890803864346,19586.96055818681
2026-03-31,11620.56546363854,13235.58684455001,16435.18749543147,18719.343054596455
2026-04-01,13032.91041065644,12914.25744227008,18432.693906379944,18264.88074888591
2026-04-02,12572.74837720608,12386.978882423922,17781.877961002734,17519.140619413818
2026-04-03,11909.05424207872,11854.37398378032,16843.20268013383,16765.86734733571
2026-04-06,11255.015633366414,11361.93971555799,15918.18339453427,16069.408164455679
2026-04-07,10634.831030026096,10876.157927713039,15041.044474782731,15382.3577115255
2026-04-08,10046.930525082764,10414.374231235126,14209.565571485271,14729.248217181532
2026-04-09,12683.387273797809,10444.233660102187,17938.35666382167,14771.478977248436
2026-04-10,11975.402337892552,10008.549166301935,16937.040058192346,14155.282083313701
2026-04-13,11307.619315797025,9604.859568191328,15992.58178645439,13584.336180925076
2026-04-14,11010.35872334881,9266.343438725808,15572.160457804197,13105.5663589743
2026-04-15,11414.757520717367,9060.406584080287,16144.109394237292,12814.305935468301
2026-04-16,10870.33294842067,8713.834274596853,15374.119332151737,12324.142104378665
2026-04-17,10277.474172822986,8382.488351671433,14535.627852047033,11855.513242369663
2026-04-20,10585.73838084015,8205.860760151802,14971.61180418308,11605.70546902378
2026-04-21,10068.674968267336,7989.410248406084,14240.319152439693,11299.575379644371
2026-04-22,9831.388568412953,8162.0837961064935,13904.720468888057,11543.790873360023
2026-04-23,9605.784615484956,7900.298993729425,13585.644492965526,11173.543631607088
2026-04-24,9295.888363056116,7904.40982439302,13147.352309273047,11179.357657863346
2026-04-27,9006.77926364874,7639.847014805066,12738.459792788934,10805.181427498155
2026-04-28,8537.12523199557,7362.402945865508,12074.219133213639,10412.786986213428
2026-04-29,8182.19740411804,7211.750793205077,11572.237933007313,10199.71677174649
2026-04-30,7918.980954996869,7159.492572061487,11199.96588594347,10125.806972317188
2026-05-01,7772.444841745924,6943.525945056203,10992.717064561502,9820.361250360353
2026-05-04,7530.676081082796,6724.407825792649,10650.778892579257,9510.458312761373
2026-05-05,7563.857152064511,7042.749973815378,10697.707514477226,9960.695687768917
2026-05-06,7603.590797074726,6856.925039120261,10753.903566869269,9697.87993645312
2026-05-07,8731.934348070798,6862.930913515252,12349.741383704291,9706.374159222618
2026-05-08,8419.2711119605,6840.080415535471,11907.535802187593,9674.056263864015
2026-05-11,8404.09973509328,6676.179912040306,11886.07863436243,9442.248653987583
2026-05-12,7973.4743955740905,6452.066579726885,11277.036998873406,9125.280891246395
2026-05-13,7736.4869955552385,6479.697067265727,10941.8611964951,9164.359217056961
2026-05-14,7367.009048809516,6268.291764391353,10419.301485507365,8865.364662864165
2026-05-15,7266.229893918093,6110.150960794558,10276.767603532828,8641.703106468807
2026-05-18,9349.168766406117,9300.658668891381,13222.707800503618,13154.099043849645
2026-05-19,8909.512548968245,8991.99281120303,12600.893622034106,12717.547030918788
2026-05-20,8849.031082579952,9131.392315497873,12515.353529927519,12914.702410063182
2026-05-21,9191.940265260979,8874.570614686214,13000.336530875496,12551.47457756719
2026-05-22,8765.44551843298,8530.416531227393,12397.136871455483,12064.730889692206
2026-05-25,8467.516579339203,8219.592603255276,11975.770287390127,11625.126676775644
2026-05-26,8028.515311979647,7902.067605790677,11354.882417315066,11176.045013396493
2026-05-27,7955.729444194044,7651.229834114453,11251.939975502128,10821.28036607062
2026-05-28,7553.950733080489,7366.503248280191,10683.696677059705,10418.586122166334
2026-05-29,7425.019674001352,7134.25253517746,10501.347019757684,10090.109506485718
2026-06-01,7105.484037972352,6886.895327534194,10049.42167188703,9740.267487292744
2026-06-02,6787.610879068783,6650.946048429684,9599.847597140633,9406.559919134497
2026-06-03,6481.128783454275,6427.300702009866,9166.384120584475,9090.254037773406
2026-06-04,6815.698803325782,6992.3190136730955,9639.572884431147,9889.370218444163
2026-06-05,6576.654734479983,6757.926450428276,9301.488296082605,9557.864343233752
2026-06-08,10084.27679377957,11135.341388007362,14262.38511199794,15748.92582552829
2026-06-09,9618.064358622278,10748.91623712776,13603.01196802422,15202.39736032328
2026-06-10,9098.42064195411,10293.525289101506,12868.06994295773,14558.329252110045
2026-06-11,9868.239397342786,11275.521154985907,13956.83929948361,15947.18474507633
2026-06-12,11295.691876173541,11044.624201980692,15975.712580978477,15620.62277813601
2026-06-15,10728.376978098242,10583.745042959685,15173.348294318394,14968.792588379023
2026-06-16,11136.147754437128,10280.524651040809,15750.06628495814,14539.942201604079
2026-06-17,10562.866421886467,9909.77466973103,14939.26355615954,14015.583427857622
2026-06-18,10464.02017166349,10138.815273411394,14799.463418144025,14339.519924522296
2026-06-19,10167.20522476618,9756.872452808571,14379.672374500922,13799.330904565964
2026-06-22,9633.998511435158,9380.074068901813,13625.547944425709,13266.417759602353
2026-06-23,9385.44733289594,9338.31998130478,13274.017269409534,13207.364156702803
2026-06-24,9834.619060729814,10155.76250742147,13909.28941582066,14363.488720994043
2026-06-25,9403.108266223171,9746.615653570741,13298.99546444536,13784.824517669025
2026-06-26,8899.395768708075,9344.991141505929,12586.58526664931,13216.799305883886
2026-06-29,8679.41939426367,9253.5058963318,12275.468482369608,13087.40997778216
2026-06-30,9396.570958519615,9036.702399167416,13289.749625405988,12780.780654388956
2026-07-01,8897.34434426748,8674.690735692962,12583.683897914772,12268.780650314044
2026-07-02,8607.842623108156,8551.797394450496,12174.236088994308,12094.970252568775
2026-07-03,8211.4545520594,8273.56932246518,11613.616875667414,11701.466980814967
2026-07-06,7792.914880738037,7953.580052088032,11021.668231346534,11248.900049228829
2026-07-07,7700.070974822884,7693.058810483114,10890.357323430873,10880.439885589014
2026-07-08,7961.428282852017,8204.78760697763,11259.999951769469,11604.18768801011
2026-07-09,7761.956575698876,8124.124921727578,10977.883309739109,11490.104912940531
2026-07-10,7766.491009124512,7865.701485195537,10984.296445465512,11124.611715048599
2026-07-13,7443.320761067246,7578.284556053092,10527.23059644243,10718.112467262581
2026-07-14,7889.094268592556,8288.132171089277,11157.696575021462,11722.063495533077
2026-07-15,7527.600358056417,7972.274456347886,10646.428838807711,11275.339901926833
2026-07-16,7313.134369554648,7690.538430757829,10343.105498523724,10876.875264446064
2026-07-17,7079.111207088753,7536.7340377546625,10012.122073884377,10659.346776306847
2026-07-20,7195.03525403096,7783.334527314471,10176.075665702772,11008.118554673614
2026-07-21,7137.105647308392,7814.384620916933,10094.144717419651,11052.033294597755
2026-07-22,6950.707561595687,7540.958740570087,9830.518347681995,10665.321854120508
2026-07-23,6712.3441089952485,7355.780670263502,9493.396367877756,10403.4209754538
2026-07-24,7528.322450092972,8385.308999056779,10647.450107355002,11859.502537794378
2026-07-27,7158.3998467039155,8058.630115788606,10124.26150999103,11397.474359035727
2026-07-28,6881.459564415133,7759.432555831278,9732.57958378047,10974.313540273417
2026-07-29,6650.684745857651,7480.609560425664,9406.190353920323,10579.968856973106
2026-07-30,9301.9765047265,10591.362721436511,13155.962884220075,14979.566416420206
2026-07-31,10071.17378615039,10304.506071475751,14243.853278257706,14573.85958217289
2026-08-03,9589.260241729713,9882.835016779443,13562.273755821816,13977.482162587305
2026-08-04,10028.805141793693,9605.541362775644,14183.930496005118,13585.300456016654
2026-08-05,10937.731198717227,9429.202374810115,15469.441963735719,13335.900860184878
2026-08-06,10329.788186953583,9045.330329778906,14609.616560562587,12792.983301303266
2026-08-07,9854.15196709272,8804.259460110965,13936.915178044499,12452.032169873662
2026-08-10,9448.059208886745,8475.096681043338,13362.570440472466,11986.4909698846
2026-08-11,9044.174500875166,8277.515878016082,12791.348590427531,11707.048669644411
2026-08-12,8613.670875175412,8015.379130954283,12182.47909711605,11336.30366580755
2026-08-13,8168.218884890239,7710.422195439253,11552.467846505391,10904.997252285364
2026-08-14,8123.547777981949,7478.261872918645,11489.288647527208,10576.648477730007
2026-08-17,7910.055199648739,7463.144926888196,11187.342019820611,10555.268292476012
2026-08-18,7908.448902687647,7702.524023520794,11185.070203374888,10893.826717016902
2026-08-19,7627.857803293902,7555.289576234265,10788.22485686268,10685.590228481804
2026-08-20,7829.1524335394615,7359.462605780411,11072.919693810269,10408.628407119311
2026-08-21,7983.926888719868,7806.281388915237,11291.820159398862,11040.572738940326
2026-08-24,7591.360289430761,7514.578320467531,10736.605726508416,10628.011522540655
2026-08-25,7215.985799360348,7237.518680774188,10205.706421770321,10236.160786875074
2026-08-26,7230.228214576253,7028.617000098878,10225.84974140426,9940.707153336105
2026-08-27,6895.11698310099,6792.728818605584,9751.895531658223,9607.085996695354
2026-08-28,6647.86676531692,6570.519869897827,9402.204830264842,9292.811640029822
2026-08-31,6475.025266373042,6504.260489517452,9157.751799900465,9199.09973390184
2026-09-01,6609.852548063318,6805.404708556249,9348.44059736155,9625.013749751994
2026-09-02,6765.599317201307,7115.55673256542,9568.716225135438,10063.667676071535
2026-09-03,6514.6544130293805,6871.380704097658,9213.800058276434,9718.324859294273
2026-09-04,6779.101528721574,6709.104506922036,9587.812660557012,9488.814536842903
