Date,GARCH_11_Volatility,GJR_GARCH_Volatility
2023-01-02,0.007723703140941668,0.007897948179191277
2023-01-03,0.007283328537920657,0.007550551605092989
2023-01-04,0.00692128528126662,0.007227874242915202
2023-01-05,0.006736661074205729,0.006942181051607665
2023-01-06,0.006475357468801893,0.006779013812658953
2023-01-09,0.007801978918853856,0.006729309086952233
2023-01-10,0.007438017764166268,0.006455989786201238
2023-01-11,0.007016319887891543,0.006184277968761942
2023-01-12,0.007498218273317548,0.006066796765370013
2023-01-13,0.007507611111787929,0.005889811654732711
2023-01-16,0.007081267774004072,0.005647876978426492
2023-01-17,0.006691035614599542,0.005429905648801373
2023-01-18,0.006401265716734341,0.005334526492460242
2023-01-19,0.006073537773141765,0.005156656561429308
2023-01-20,0.006047801856107858,0.005395330080734043
2023-01-23,0.005915710831571605,0.005211282073831427
2023-01-24,0.005800630633846778,0.005039136785545132
2023-01-25,0.005604533900848138,0.004862951545460386
2023-01-26,0.005310788372335852,0.004678702597501493
2023-01-27,0.005220236558541094,0.004534181243460858
2023-01-30,0.0049513068788128835,0.004370207941382351
2023-01-31,0.005400015596364862,0.005182413136566053
2023-02-01,0.005876071888830431,0.00509278984681272
2023-02-02,0.006227193725985402,0.005003685469483609
2023-02-03,0.006721292897313438,0.004957679639377194
2023-02-06,0.0074723638331078476,0.006555516490902973
2023-02-07,0.0074859922101828515,0.006898636890777128
2023-02-08,0.007108974835808877,0.006610488211455656
2023-02-09,0.006863311352481691,0.006534042022743024
2023-02-10,0.006960903414557878,0.0068899618898409995
2023-02-13,0.006605440351479624,0.006635574020563651
2023-02-14,0.006610175788318728,0.006405355479611015
2023-02-15,0.0062433768004363744,0.006135864380696961
2023-02-16,0.005920455219820234,0.0059019943399282815
2023-02-17,0.00688657057109763,0.007276026505023872
2023-02-20,0.006500288330874415,0.006960428710760738
2023-02-21,0.006139836457473339,0.006661176437148807
2023-02-22,0.00784932797803956,0.008788893841472984
2023-02-23,0.007406855530354124,0.008396978403956985
2023-02-24,0.007122357088338197,0.008040794686975388
2023-02-27,0.007433815152981389,0.008493038853790368
2023-02-28,0.007023193065489935,0.008116677767739219
2023-03-01,0.006627740485695684,0.007757797246862178
2023-03-02,0.006573645921992732,0.007755370313691938
2023-03-03,0.006261817094493426,0.007421641409886544
2023-03-06,0.007366545899510187,0.007279863217261118
2023-03-07,0.0069756116088697554,0.006994957841870074
2023-03-08,0.006786005152874075,0.006943461546254727
2023-03-09,0.00643557503829989,0.006676940866509024
2023-03-10,0.006733459789131163,0.0071879280341757765
2023-03-13,0.006449785776569728,0.006889285580942136
2023-03-14,0.006109635308471193,0.006596309192471031
2023-03-15,0.005896751194191462,0.0063322580200343625
2023-03-16,0.0056261024379806665,0.0060729221157839065
2023-03-17,0.0054316774601383625,0.005834896450326295
2023-03-20,0.005159173130021306,0.005608995380699685
2023-03-21,0.004984039073198871,0.0053943562312726
2023-03-22,0.004930156310533022,0.005205706609248013
2023-03-23,0.004848447338748085,0.0051962037491041545
2023-03-24,0.004685373342582128,0.005003289168091093
2023-03-27,0.0045909217726276645,0.004828761653268792
2023-03-28,0.005008924288638283,0.005414725215157287
2023-03-29,0.004754368924758222,0.005199695344530879
2023-03-30,0.005028029356122025,0.005062605486613771
2023-03-31,0.004937989730337947,0.004889821242034386
2023-04-03,0.00613470368125362,0.004924107495312231
2023-04-04,0.005808521033068538,0.004737236081267859
2023-04-05,0.005496133488476729,0.004559333666714719
2023-04-06,0.005256254417001308,0.004400713645394383
2023-04-07,0.004998199161939086,0.004245383440834779
2023-04-10,0.004742122047057535,0.00409604863496633
2023-04-11,0.00477295109407959,0.004332020305386112
2023-04-12,0.004535748368828668,0.004179410932687044
2023-04-13,0.004356397033467784,0.004086057141037967
2023-04-14,0.0044953306015768565,0.00399946500359249
2023-04-17,0.004415298760322076,0.004051482139617798
2023-04-18,0.004346481958368086,0.004101986928842962
2023-04-19,0.004138250574147574,0.003961311372028903
2023-04-20,0.003945622507643012,0.0038293830164969696
2023-04-21,0.0037820786655459976,0.0037196330134290755
2023-04-24,0.003644743216153346,0.003632153926853425
2023-04-25,0.003657866176792858,0.0035453593412401907
2023-04-26,0.003612766446146458,0.003572489417782591
2023-04-27,0.0041750826167009925,0.00435598476663741
2023-04-28,0.004712496362300845,0.004303299629900272
2023-05-01,0.0052372250734823945,0.004271020754250228
2023-05-02,0.005920760321942346,0.005518014293526599
2023-05-03,0.005603918916866012,0.005296799846965795
2023-05-04,0.005325027618652726,0.005109268644555031
2023-05-05,0.005392975916949385,0.005356973065020068
2023-05-08,0.005587720744753941,0.005212255680037139
2023-05-09,0.005493670038565864,0.005273620601997103
2023-05-10,0.005369546434281898,0.005276407595897413
2023-05-11,0.00526892238019627,0.00509407901789719
2023-05-12,0.005044813107685771,0.004903541088971144
2023-05-15,0.005042000293101263,0.005039686245976341
2023-05-16,0.004874096541625526,0.004952160704638555
2023-05-17,0.004830449277001386,0.005006262542629354
2023-05-18,0.004823174825811378,0.004845355058412938
2023-05-19,0.00461086865958251,0.004665822331961626
2023-05-22,0.004612614844819356,0.004769425238029322
2023-05-23,0.004386451237938782,0.004590436673154588
2023-05-24,0.00452563366776162,0.004835887932332312
2023-05-25,0.004762928397934844,0.005189300487822076
2023-05-26,0.00462132660817211,0.00499857419269705
2023-05-29,0.005074914624105695,0.00489718643090656
2023-05-30,0.004815453649201354,0.004711183491251517
2023-05-31,0.0046415641863365885,0.004544970806972462
2023-06-01,0.004411330621909468,0.004377908350214885
2023-06-02,0.0044748334967963195,0.004260644101871244
2023-06-05,0.004524292280283971,0.004150571919777356
2023-06-06,0.004418343032922626,0.0041560986282791305
2023-06-07,0.004292324985103885,0.004025911341978295
2023-06-08,0.004653622245854025,0.004630196808604343
2023-06-09,0.004866376214407193,0.004522056301855264
2023-06-12,0.004643650084768192,0.0043604691126164444
2023-06-13,0.004636772236943438,0.004238304675973085
2023-06-14,0.004406906713931784,0.004089523303880202
2023-06-15,0.00430868487510904,0.003967637200952625
2023-06-16,0.005154890131011109,0.004005091155915683
2023-06-19,0.0049084676670996695,0.00389837449147306
2023-06-20,0.004661512957200593,0.003772481847265921
2023-06-21,0.004448868035476178,0.0036762425496790676
2023-06-22,0.004299926180272098,0.003654679337557593
2023-06-23,0.004105825795407753,0.0035536352723849144
2023-06-26,0.003960308994976318,0.003504240508714464
2023-06-27,0.003912821664454993,0.0035762039359812326
2023-06-28,0.003992083196545899,0.0035085955424070574
2023-06-29,0.0038626965666174982,0.0034143582908713354
2023-06-30,0.003984053417755331,0.003715889312378423
2023-07-03,0.004624452782059264,0.00372917021282094
2023-07-04,0.004403555156415945,0.0036205435172475178
2023-07-05,0.0041921294908788395,0.0035106032924454244
2023-07-06,0.004257233443049617,0.003781797378856095
2023-07-07,0.005014381637465989,0.00496193600675675
2023-07-10,0.004847004694853757,0.00487800328721273
2023-07-11,0.004682554235620124,0.004703569179834405
2023-07-12,0.004729128894542946,0.004567101957923083
2023-07-13,0.00504239542812316,0.004480463690254066
2023-07-14,0.0056099231675675485,0.004451514791864376
2023-07-17,0.005322252460230969,0.004304309585122387
2023-07-18,0.005067107768034487,0.004156169875349249
2023-07-19,0.0050526611419534715,0.00405476075332261
2023-07-20,0.004956926955706312,0.003946148890865424
2023-07-21,0.005340449015459972,0.004770462150411735
2023-07-24,0.005084997633939679,0.00462034567191189
2023-07-25,0.004825224824952485,0.004449552736471586
2023-07-26,0.004587818858391394,0.004293816619287763
2023-07-27,0.004362381318968293,0.00414189532707068
2023-07-28,0.005086985755931711,0.0052080367978838225
2023-07-31,0.00501257175764388,0.005029402333221482
2023-08-01,0.004802200914586889,0.004841615992803109
2023-08-02,0.0051303365010463755,0.005362526267836625
2023-08-03,0.005917492067401278,0.0064200554254447975
2023-08-04,0.006456306262922328,0.0071564695272648094
2023-08-07,0.0061636035079966735,0.006855556669234771
2023-08-08,0.0058587023924933646,0.0065662989999771045
2023-08-09,0.0055493874303404744,0.006288952383395017
2023-08-10,0.005344769858828417,0.006120222341779111
2023-08-11,0.005301511474578035,0.0061225004005514665
2023-08-14,0.005042419929953269,0.005884382848554778
2023-08-15,0.004793652084807834,0.005643902057601411
2023-08-16,0.00535539117495335,0.006290432525723351
2023-08-17,0.00549921593457517,0.006484107660344612
2023-08-18,0.005564380805096494,0.006590615065469901
2023-08-21,0.0052754723057730915,0.006311927166902139
2023-08-22,0.005013580080751824,0.006058603641244549
2023-08-23,0.004765798268720004,0.005808535647777581
2023-08-24,0.005885052425898044,0.005740717180727819
2023-08-25,0.006280819934079625,0.006421111300327533
2023-08-28,0.006006190315560829,0.006160406137795322
2023-08-29,0.005762820552738202,0.005915294676859462
2023-08-30,0.006413412776546662,0.005807059521514441
2023-08-31,0.00609754370954243,0.005575615464069348
2023-09-01,0.00578073662692238,0.0053532541167635875
2023-09-04,0.005781656061780568,0.005555589516324823
2023-09-05,0.005497583506067057,0.005362318315763599
2023-09-06,0.005609536965172527,0.005662227215665968
2023-09-07,0.005491265124869637,0.005651354565488742
2023-09-08,0.005213906595964315,0.0054352956923353546
2023-09-11,0.00495235211501012,0.005219457310113607
2023-09-12,0.004712180037593923,0.005015987908411733
2023-09-13,0.00448494664352022,0.0048287712193346224
2023-09-14,0.004266337758185982,0.004645430024715172
2023-09-15,0.004087530542202014,0.004476064169399963
2023-09-18,0.005086298104498083,0.005693161093174276
2023-09-19,0.004873899211598913,0.0054682413794013155
2023-09-20,0.004742954286470451,0.005373101899388222
2023-09-21,0.0047142685261258675,0.005385807367622686
2023-09-22,0.007079892833646613,0.008132593136586326
2023-09-25,0.00668858001808716,0.007774040723343681
2023-09-26,0.006603218546471941,0.007742957054017303
2023-09-27,0.0070091961645548295,0.008249559792018704
2023-09-28,0.006652855291345052,0.007920994095537844
2023-09-29,0.0063210758364371,0.007576976752839002
2023-10-02,0.005975121084547563,0.0072470300465824165
2023-10-03,0.005934078737090215,0.007225796811803926
2023-10-04,0.007458465327904205,0.008907327649058
2023-10-05,0.00741794001928233,0.008553171463128834
2023-10-06,0.007011834073567538,0.008186391893509884
2023-10-09,0.006671109392416509,0.007830697294930801
2023-10-10,0.007112313956773947,0.007585188913807281
2023-10-11,0.006740956117834274,0.007257811812861401
2023-10-12,0.006916898093179255,0.0070153315163450965
2023-10-13,0.007475442120816004,0.007892109732114199
2023-10-16,0.007054466453191428,0.007545467243184577
2023-10-17,0.006657404759841012,0.007216001382481693
2023-10-18,0.006367865350765271,0.006993064558057506
2023-10-19,0.006738764179255931,0.007528689870454492
2023-10-20,0.007390810976051694,0.008379798846242474
2023-10-23,0.007087763077227225,0.008133094574699762
2023-10-24,0.0067316642413570525,0.00777897798494737
2023-10-25,0.006964278298682166,0.007511724646242338
2023-10-26,0.008304628332836106,0.009237075741457802
2023-10-27,0.007861329685673194,0.008859451408137282
2023-10-30,0.007523964977962942,0.008585771525591587
2023-10-31,0.007221388076821442,0.008218630926382002
2023-11-01,0.006850948534379726,0.007859518151967993
2023-11-02,0.007339692107639421,0.007622277524094402
2023-11-03,0.008672288183845018,0.007537191648291689
2023-11-06,0.00845671570996471,0.007253951541820398
2023-11-07,0.007966673506760056,0.006939407144031824
2023-11-08,0.007696138678647558,0.0066713278778661985
2023-11-09,0.007404973046723026,0.006411428517143637
2023-11-10,0.00783377664822225,0.007351823543494681
2023-11-13,0.007852267445594653,0.0071015418498628765
2023-11-14,0.007411392920545241,0.0068054899128043925
2023-11-15,0.008754582553864944,0.006796212934330088
2023-11-16,0.008245667309672473,0.006505751870847247
2023-11-17,0.007850113611808134,0.006245030007405935
2023-11-20,0.0074173552601631,0.00598704303964314
2023-11-21,0.00728030605892445,0.005788489817508739
2023-11-22,0.006874309013793082,0.005559404992290368
2023-11-23,0.006522494677411652,0.005341355937587138
2023-11-24,0.006167881113654016,0.0051372871895439395
2023-11-27,0.005931350118247135,0.00508104632283154
2023-11-28,0.0057799179502445504,0.004911410602658588
2023-11-29,0.005477877345651371,0.0047251203668509335
2023-11-30,0.005335408717613744,0.004572040151483456
2023-12-01,0.005120301752407865,0.004491020170144534
2023-12-04,0.0053158286655531125,0.004401537895473707
2023-12-05,0.005227707348513111,0.0045201905878694635
2023-12-06,0.005211434833473653,0.004396513607016313
2023-12-07,0.004945664903780766,0.004239464193732739
2023-12-08,0.004708201834517869,0.0040934155066129265
2023-12-11,0.0044737591796926435,0.003953484080501038
2023-12-12,0.004257591158405099,0.0038224472817884785
2023-12-13,0.004152601719385603,0.0037148825321736017
2023-12-14,0.006040281647078036,0.003970684275787026
2023-12-15,0.006661457167590105,0.004041593882949456
2023-12-18,0.006299261529807292,0.003907183299092239
2023-12-19,0.005980794772230248,0.0038282242646822495
2023-12-20,0.005860721730931132,0.003749203495652867
2023-12-21,0.005714403355071566,0.003944756046933856
2023-12-22,0.005437794790890552,0.0038204278936375302
2023-12-25,0.005151353946081173,0.0036975547379327245
2023-12-26,0.004884203234808777,0.003582066720860214
2023-12-27,0.004701628332998053,0.0034871581698777015
2023-12-28,0.004896716405257522,0.0034670346536714355
2023-12-29,0.004664896018106104,0.003390616161878884
2024-01-01,0.004754765989553622,0.0038184044069437505
2024-01-02,0.0045210899150159726,0.0037000180030803344
2024-01-03,0.004625423096229936,0.004062672896718019
2024-01-04,0.004687076082984954,0.004325950626709118
2024-01-05,0.0049757145371759305,0.004866743810752293
2024-01-08,0.004777310343751115,0.004746754123950283
2024-01-09,0.005493436898843015,0.004709466502577177
2024-01-10,0.005287900004404428,0.004650260895735784
2024-01-11,0.005015370051284152,0.004478058606470004
2024-01-12,0.004793888983944277,0.004321126003716564
2024-01-15,0.004555948639398089,0.004169988902626718
2024-01-16,0.0043461144758485774,0.004040284259978843
2024-01-17,0.004805653628879289,0.0047841030140156355
2024-01-18,0.004831984170987816,0.004934607164909081
2024-01-19,0.004608559915315881,0.004748422493504136
2024-01-22,0.004878899524373667,0.004639079071011776
2024-01-23,0.004710035431594749,0.004478744246602466
2024-01-24,0.00450350311832535,0.004348057898221636
2024-01-25,0.0043345170989787084,0.004252299990155659
2024-01-26,0.004396734402309212,0.004141988665690079
2024-01-29,0.004249023411085116,0.0040771353217596285
2024-01-30,0.004625486851990039,0.004025104859690664
2024-01-31,0.004431901005673039,0.0038954735474921905
2024-02-01,0.0045748113434799795,0.004261425602667847
2024-02-02,0.0056757420856843824,0.004325739115901074
2024-02-05,0.005374002468378682,0.004173450190863982
2024-02-06,0.006041637474520999,0.005470071637015648
2024-02-07,0.005807851638656467,0.00526582916145801
2024-02-08,0.005557298318827868,0.005067871881223256
2024-02-09,0.005287279834935729,0.004901202579669816
2024-02-12,0.005047177258914105,0.0047196730317250035
2024-02-13,0.004787498461555396,0.004542557726390058
2024-02-14,0.0061814682703823535,0.006480776795393078
2024-02-15,0.006018357330762268,0.006230535527744287
2024-02-16,0.005916363732675472,0.006000655265721744
2024-02-19,0.005734937647848609,0.005918689092513482
2024-02-20,0.005427293076116697,0.005674821509256256
2024-02-21,0.005237791596789295,0.005554678360511787
2024-02-22,0.004985455368902766,0.005351284993362019
2024-02-23,0.0060215008915543685,0.005319081177168766
2024-02-26,0.005840712172715946,0.005131655784656496
2024-02-27,0.005625274001251092,0.005066198832365412
2024-02-28,0.005335535449988608,0.004880711969398863
2024-02-29,0.0050603418174576245,0.004695347705631892
2024-03-01,0.0049220739470905986,0.004538587932482362
2024-03-04,0.004999535086955965,0.004422442449924522
2024-03-05,0.004767218591684704,0.004291186239203831
2024-03-06,0.004537579004034491,0.004149191793982585
2024-03-07,0.0044934874155107855,0.00403369235380815
2024-03-08,0.004575968140554842,0.003945138087595573
2024-03-11,0.004460062014504694,0.003963496011121102
2024-03-12,0.0042593565467412865,0.0038493692876709535
2024-03-13,0.004120785614677003,0.003734805732214307
2024-03-14,0.0040278865252467225,0.0037435654094097907
2024-03-15,0.0042390538366022116,0.004144040946427124
2024-03-18,0.00438466660962695,0.004435401287816991
2024-03-19,0.004206044066119804,0.00427986746441522
2024-03-20,0.004126167050211627,0.004145452095064917
2024-03-21,0.004131719752111858,0.0040305236873602246
2024-03-22,0.0040753568745011855,0.003914506758456663
2024-03-25,0.003887570921597781,0.0037854872150594287
2024-03-26,0.003969068048143775,0.003982326856178696
2024-03-27,0.0037893214094527187,0.00384904812116961
2024-03-28,0.004212284208743374,0.0038089292616121655
2024-03-29,0.0040305590187945835,0.003704469233257356
2024-04-01,0.0038543523156876814,0.003596202180665152
2024-04-02,0.004312177139043924,0.0043097300742197895
2024-04-03,0.0045836216163981916,0.004748222542138796
2024-04-04,0.004362309315999753,0.004570316841418235
2024-04-05,0.004271184039348766,0.004536423596800634
2024-04-08,0.004072793608986519,0.004370737267287624
2024-04-09,0.0038862968346476696,0.004214320909806901
2024-04-10,0.003886475370868841,0.004090171015342386
2024-04-11,0.00538684148632272,0.005950985301315599
2024-04-12,0.005103358422021587,0.005705318654011658
2024-04-15,0.005215513951632386,0.005894287423975416
2024-04-16,0.006447593512318982,0.007365834616593461
2024-04-17,0.0062125672428496245,0.007175026220764577
2024-04-18,0.005871775416078157,0.006864576075011866
2024-04-19,0.005594467616121426,0.006609323128373595
2024-04-22,0.005466875129021049,0.006505864699529042
2024-04-23,0.005331429128072322,0.006249084893432257
2024-04-24,0.005358308396352551,0.006024628224811012
2024-04-25,0.005111622347605474,0.0058096528730712735
2024-04-26,0.005063121476003283,0.005805747646340161
2024-04-29,0.005233875551336894,0.005621720311146822
2024-04-30,0.0050834396078355245,0.005410427239595764
2024-05-01,0.005945461093884535,0.006532705499561692
2024-05-02,0.005628182023533979,0.006260075766382679
2024-05-03,0.005735164654247345,0.006049771572601072
2024-05-06,0.006161596831810714,0.005898532316047118
2024-05-07,0.006177792480510499,0.005707613583272832
2024-05-08,0.0058794340689749935,0.005481697086130728
2024-05-09,0.005620742065447958,0.005335396889051566
2024-05-10,0.005464039738135554,0.0051449983892328955
2024-05-13,0.005180690840657012,0.004948895758213335
2024-05-14,0.0049115807589535,0.004758693818789655
2024-05-15,0.004836595692422928,0.004605121275226831
2024-05-16,0.005663427796378965,0.004600593595142397
2024-05-17,0.005361535663537238,0.004430982952775233
2024-05-20,0.00512643202150166,0.004334630613389608
2024-05-21,0.004864904618262359,0.004183306678700545
2024-05-22,0.004666633282991983,0.004046204460143489
2024-05-23,0.0044651426913935675,0.003946976506411717
2024-05-24,0.004749854789299595,0.0045066545246317605
2024-05-27,0.004654110345801177,0.00436349537528558
2024-05-28,0.004423330992585749,0.004207336250377957
2024-05-29,0.004415343312446589,0.004322737489814269
2024-05-30,0.0048932846054975,0.005044098900378825
2024-05-31,0.004679859734358616,0.004885998088683069
2024-06-03,0.004958473067155265,0.004769721804446605
2024-06-04,0.004991795391136834,0.004632014756969136
2024-06-05,0.004967506702346312,0.004495370384325595
2024-06-06,0.005264208046926874,0.004418017615441613
2024-06-07,0.005000071426389565,0.004270905674449203
2024-06-10,0.005147894971793775,0.004695522729617368
2024-06-11,0.004977163288724735,0.004644071627663938
2024-06-12,0.004864180915272073,0.004493082913993664
2024-06-13,0.004946824975090804,0.004379703140307409
2024-06-14,0.0051230045294831114,0.004291099539215865
2024-06-17,0.004869053297379841,0.0041413413728541276
2024-06-18,0.004622251584587594,0.003998279109781049
2024-06-19,0.004609306846502959,0.003899559294773803
2024-06-20,0.004383220560566964,0.0037724838128508115
2024-06-21,0.004333085793604598,0.003874965536193187
2024-06-24,0.004173172387254409,0.0038074321105396546
2024-06-25,0.003996426941603206,0.003705395140639592
2024-06-26,0.003923859636847137,0.003606704279841087
2024-06-27,0.004023613413023445,0.003860089425700629
2024-06-28,0.0038530988366778486,0.003736776509318833
2024-07-01,0.004401770442835523,0.004532038215586992
2024-07-02,0.004392416070417815,0.0046060382368697415
2024-07-03,0.004518808674777151,0.004481734587522959
2024-07-04,0.004708919814845214,0.004377807514937313
2024-07-05,0.004475486090049406,0.004221085850089376
2024-07-08,0.004584607376355398,0.0041227768687261005
2024-07-09,0.004372257890747474,0.003983469865322003
2024-07-10,0.004179319565248982,0.003869156935241123
2024-07-11,0.004319064325071342,0.00379478812736104
2024-07-12,0.004140662216210254,0.0037067878262833113
2024-07-15,0.004234352757577426,0.0036365453751686498
2024-07-16,0.004100684790522719,0.003612739179535632
2024-07-17,0.004529038948476387,0.0036042660817919765
2024-07-18,0.004922116737435217,0.0044132348988731385
2024-07-19,0.005043761691628929,0.004761789518592203
2024-07-22,0.0051910538298424935,0.005113430238048413
2024-07-23,0.005072861491523449,0.004935920124528837
2024-07-24,0.004846801253349941,0.004786563885069311
2024-07-25,0.006861218842378912,0.007423290785350483
2024-07-26,0.006481401305907084,0.007103881916841078
2024-07-29,0.006612885379863943,0.006860214860749091
2024-07-30,0.006264092295130276,0.006569162058747536
2024-07-31,0.005972182751725407,0.00634843394067644
2024-08-01,0.006624862804222854,0.006214449451219393
2024-08-02,0.006444404607129515,0.006200743750454357
2024-08-05,0.006097409658053359,0.005951379281804833
2024-08-06,0.006795960366647333,0.00702652137520158
2024-08-07,0.006441847797392005,0.006751819980097796
2024-08-08,0.006421850054162855,0.006864753413538657
2024-08-09,0.006774453272834751,0.0066645436826226956
2024-08-12,0.006559420671482835,0.0064043655242347255
2024-08-13,0.006201531518418306,0.0061356302052023755
2024-08-14,0.006739941463225777,0.006007169061377897
2024-08-15,0.0065025486848586085,0.005780595909592659
2024-08-16,0.006442631807088658,0.005591520581551019
2024-08-19,0.006094671915100777,0.005367120034683328
2024-08-20,0.006154579395901201,0.005215966599598767
2024-08-21,0.005863318183611728,0.005018670374946599
2024-08-22,0.005592424294223582,0.004832468201104698
2024-08-23,0.005738662021919691,0.005278675002502722
2024-08-26,0.005784554237963757,0.005124091562624919
2024-08-27,0.005484832924385564,0.004936953855339424
2024-08-28,0.005198781423697885,0.004751405976706219
2024-08-29,0.005054286741745737,0.004737110163271646
2024-08-30,0.0048523203656046145,0.004630088781621777
2024-09-02,0.0046078967661617965,0.0044584484965772475
2024-09-03,0.004393772177920746,0.004310239925734341
2024-09-04,0.004533007212555152,0.00459751165474815
2024-09-05,0.004362546942821061,0.004435157390164846
2024-09-06,0.004157643457471769,0.004275507659477529
2024-09-09,0.004792360760144792,0.00513243222203378
2024-09-10,0.0049517643784323185,0.004985282911722434
2024-09-11,0.00479473200737727,0.004806816333249707
2024-09-12,0.00474786476198581,0.004652422974056508
2024-09-13,0.004565258737217612,0.004487639867017203
2024-09-16,0.004548632347124859,0.0043542960422398615
2024-09-17,0.004450753587937661,0.0042175151477047874
2024-09-18,0.004245314566939105,0.004080399977041652
2024-09-19,0.00445204048830645,0.0044620313132226665
2024-09-20,0.004796762925882906,0.0043806664323279895
2024-09-23,0.004584280555416827,0.004257598276160476
2024-09-24,0.004358396169168061,0.004107695364452772
2024-09-25,0.004149014997520686,0.003966749686754293
2024-09-26,0.0040438717751039525,0.003941843230119573
2024-09-27,0.0038771382279865606,0.0038142273529103727
2024-09-30,0.0037258851824567667,0.003694940523951924
2024-10-01,0.0035652153975572515,0.003579654102441099
2024-10-02,0.0035844704642382496,0.0036705532838285843
2024-10-03,0.003677343269413453,0.0038442408767216246
2024-10-04,0.0038039001082319198,0.004051644269318709
2024-10-07,0.0036375423011971407,0.003914244008240695
2024-10-08,0.004403123260886621,0.004862824081297888
2024-10-09,0.00447165067771497,0.004714018634116537
2024-10-10,0.004275313565468268,0.004540480539334331
2024-10-11,0.004191921304458322,0.004507897555324762
2024-10-14,0.004013137589788182,0.004345827673272585
2024-10-15,0.00401521434959569,0.004215341629381701
2024-10-16,0.0038446329256574463,0.004079156287877167
2024-10-17,0.0037657512442171685,0.003952681823705257
2024-10-18,0.00402354472029337,0.004319352415218225
2024-10-21,0.0038562341898021263,0.004168243293906346
2024-10-22,0.004131876373455921,0.004539047889668645
2024-10-23,0.003963381767480692,0.0043947646253705945
2024-10-24,0.004282293731563582,0.004800872478023246
2024-10-25,0.004143652957400879,0.004627747188898772
2024-10-28,0.003979355837591192,0.004483323891128938
2024-10-29,0.003799398496240278,0.004319923191705732
2024-10-30,0.003653837608621452,0.00416921619928653
2024-10-31,0.003513662143997759,0.004036677217310382
2024-11-01,0.004461728795279748,0.005121880992369146
2024-11-04,0.004296402171043011,0.004972863306694017
2024-11-05,0.00420030102746927,0.004795000030172427
2024-11-06,0.004631197706399107,0.004694053577928029
2024-11-07,0.004677879555844409,0.004557301781605624
2024-11-08,0.004587451994891796,0.004410657011809654
2024-11-11,0.004870392986123459,0.004327493309399456
2024-11-12,0.004717853861446442,0.004297974264074178
2024-11-13,0.005085665330840763,0.0049576213915218425
2024-11-14,0.004987981710539746,0.004971398879377113
2024-11-15,0.004824711177119029,0.004888922664532057
2024-11-18,0.0053069378192615695,0.005597824829661302
2024-11-19,0.005079693067294301,0.00537861220653382
2024-11-20,0.0049957238722624165,0.0051883036231942315
2024-11-21,0.004750317248602441,0.0049941281204832185
2024-11-22,0.004520550038865774,0.004802733571721408
2024-11-25,0.004299438132090647,0.0046207613546904325
2024-11-26,0.005068365727764567,0.004584589679699119
2024-11-27,0.0048083038573571175,0.004415587844706369
2024-11-28,0.0045778518920622175,0.0042584003312247706
2024-11-29,0.0043624197647509225,0.004110249843337525
2024-12-02,0.004554595954648328,0.004030174287158756
2024-12-03,0.004339200080585104,0.003895658078011489
2024-12-04,0.00429424226306514,0.003984453861187421
2024-12-05,0.004538141771350631,0.003920343175829526
2024-12-06,0.004319523636905544,0.003794268161731834
2024-12-09,0.004180931718599467,0.0036841712371502734
2024-12-10,0.0044548161764397,0.004215763798398603
2024-12-11,0.004394856780038588,0.004266587806408335
2024-12-12,0.004183088836095077,0.004116162471367457
2024-12-13,0.004609678333823124,0.004757949318076114
2024-12-16,0.004589476650808047,0.00482423246220556
2024-12-17,0.0044907290695256515,0.0046586943342467445
2024-12-18,0.004303673533850934,0.004518573346482907
2024-12-19,0.0075279294638123315,0.008445368653296051
2024-12-20,0.007543909218574815,0.008572135922972922
2024-12-23,0.007523154753638752,0.008240317438127073
2024-12-24,0.007103639111701417,0.007876484338017943
2024-12-25,0.006966683211366196,0.007563187084373889
2024-12-26,0.006576777789605153,0.007233754737741963
2024-12-27,0.006214426643705782,0.006922521933825789
2024-12-30,0.006380317471652403,0.007201146943038118
2024-12-31,0.006140005983641118,0.007009343936935146
2025-01-02,0.005968741362699582,0.006884591060352595
2025-01-03,0.005677159562467996,0.006620835174275279
2025-01-06,0.005474570268763468,0.006352037176866443
2025-01-07,0.005218279194477156,0.006089350896791276
2025-01-08,0.0055673763012071545,0.006514497872555481
2025-01-09,0.005270988322260069,0.006238703311590806
2025-01-10,0.0050064012092332875,0.005986521750608141
2025-01-13,0.0058185789978544376,0.0068969831752504485
2025-01-14,0.005510651405540575,0.006605397899267805
2025-01-15,0.00521840315839064,0.00632490881652992
2025-01-16,0.006850146359416915,0.006304962871606017
2025-01-17,0.006469510288359602,0.006043144416765325
2025-01-20,0.006341430211260363,0.0058271627506560454
2025-01-21,0.005998904611346777,0.005595310613193794
2025-01-22,0.006470212847305934,0.005490978225233474
2025-01-23,0.006114096902006665,0.005270977896812027
2025-01-24,0.005779863125778038,0.0050626097467863914
2025-01-27,0.005470396892277505,0.004866980775923248
2025-01-28,0.005269229082679104,0.004798445448639349
2025-01-29,0.005101785331432899,0.004633874405860043
2025-01-30,0.004975925114828776,0.0046432356840157805
2025-01-31,0.004840707440802612,0.004488955341952466
2025-02-03,0.004940299440594624,0.004780532674752755
2025-02-04,0.004884024808505229,0.004845730805210902
2025-02-05,0.0049536758450704575,0.0047068810364631255
2025-02-06,0.005279416175931977,0.004617597633698895
2025-02-07,0.0050337261310884895,0.004451732607048371
2025-02-10,0.005318495325968997,0.00504171571469527
2025-02-11,0.005043555773113121,0.004847021157085092
2025-02-12,0.004835290272267835,0.004722993428030098
2025-02-13,0.00485520676032471,0.004877392254967689
2025-02-14,0.005698675240843414,0.004851758575262025
2025-02-17,0.005452104732236986,0.004677224900738978
2025-02-18,0.005163758415625769,0.004502566223794099
2025-02-19,0.004965902309788963,0.004431126021363923
2025-02-20,0.0047138537037953445,0.004271264622808879
2025-02-21,0.00452077359895419,0.0041725454281783874
2025-02-24,0.00447459804612936,0.004255909701462181
2025-02-25,0.00432263962719974,0.004185566408394179
2025-02-26,0.004166333486772374,0.004047768222105789
2025-02-27,0.0040728364853136155,0.003925762472184347
2025-02-28,0.005314671070304109,0.005610853214989903
2025-03-03,0.005860729034508715,0.005496798289089944
2025-03-04,0.00604323578448445,0.005936322305855296
2025-03-05,0.006366846292219478,0.006523036573429347
2025-03-06,0.006251009750915202,0.006279184813296853
2025-03-07,0.0063433354856759295,0.006558491525358752
2025-03-10,0.006007691245637559,0.006282628698485591
2025-03-11,0.006424974169219226,0.006917938826859407
2025-03-12,0.006492423342987504,0.007114925242387169
2025-03-13,0.006160265401409976,0.0068115227637270525
2025-03-14,0.006041136705097308,0.0067643591376916525
2025-03-17,0.006237570919377783,0.006541898249279866
2025-03-18,0.006147772529241863,0.006298634327390803
2025-03-19,0.006018826304474641,0.006283737322935665
2025-03-20,0.00611806789159443,0.00607791048137283
2025-03-21,0.005826623117396051,0.005874687122876352
2025-03-24,0.00560011398756127,0.005736617044871696
2025-03-25,0.005548420425259586,0.005536727942887795
2025-03-26,0.005253443884245658,0.00531371735655038
2025-03-27,0.005715470154107212,0.006015038309830909
2025-03-28,0.00552450752396271,0.005898257715611999
2025-03-31,0.005500468363247586,0.005968258724244271
2025-04-01,0.005594579791680532,0.005772090149400873
2025-04-02,0.005414953316027093,0.005552676597389885
2025-04-03,0.005174427527019115,0.005335353392728535
2025-04-04,0.008542248504803892,0.009517721865665695
2025-04-07,0.011175624290856875,0.012721200107567745
2025-04-08,0.01114409891293886,0.012845870486721596
2025-04-09,0.011576604932873618,0.01347913922753683
2025-04-10,0.020875239211188973,0.014404623468870179
2025-04-11,0.022040160529367466,0.01796511756928826
2025-04-14,0.02131007716289143,0.01722320099059768
2025-04-15,0.020180280572176485,0.016444147644293437
2025-04-16,0.018952757272148114,0.015676295773897734
2025-04-17,0.01813354380468328,0.01545523038218757
2025-04-21,0.017032393753683973,0.014733994630490865
2025-04-22,0.01698053058390335,0.015484351152117083
2025-04-23,0.01679873563737423,0.014887571252186291
2025-04-24,0.01596181946239575,0.014221330405534664
2025-04-25,0.015559756574610971,0.01364553136037872
2025-04-28,0.014754568425150607,0.013033178903947545
2025-04-29,0.013868744278898351,0.012430367839687222
2025-04-30,0.013196960475564522,0.011881268741684737
2025-05-01,0.012442363922075235,0.011384294043942764
2025-05-02,0.011698145436667012,0.010861875534817227
2025-05-05,0.011049979911802484,0.010372777008254133
2025-05-06,0.0104947866332109,0.010032851150446833
2025-05-07,0.009949225141784234,0.009673228284572752
2025-05-08,0.009429332889195398,0.00924541139459259
2025-05-09,0.008881448240535897,0.008834134709410245
2025-05-12,0.008390599461211769,0.008469115467840769
2025-05-13,0.009015616291862549,0.008248149504447784
2025-05-14,0.008492601288340219,0.007885483056808393
2025-05-15,0.008000368863811766,0.007538351206637892
2025-05-16,0.007684505190718005,0.007230627618694388
2025-05-19,0.007344800197737359,0.006932389911079413
2025-05-20,0.006933182659845533,0.006639644789552171
2025-05-21,0.006638429509284786,0.006475944586536771
2025-05-22,0.0075522710942179765,0.007847723006112597
2025-05-23,0.007153930660870123,0.007507233459159509
2025-05-26,0.006886331136835635,0.007338686787963443
2025-05-27,0.0065110376217715,0.007021494446171943
2025-05-28,0.007720975397396285,0.006935098464940853
2025-05-29,0.007495370335414448,0.006934114426680518
2025-05-30,0.00711423500111119,0.006643551089162688
2025-06-02,0.006744794466915228,0.006366164479186299
2025-06-03,0.006373732477688655,0.006103775690183015
2025-06-04,0.006136754667332129,0.005867038705422152
2025-06-05,0.0058869636800259785,0.00563892697890727
2025-06-06,0.005605063248405878,0.005453114814451211
2025-06-09,0.005326392101367074,0.005237966402901909
2025-06-10,0.005049083144847716,0.005032763753841276
2025-06-11,0.004987379148994936,0.004866088730740802
2025-06-12,0.004738720662769283,0.004686431507200641
2025-06-13,0.004954674548238957,0.004576715964266339
2025-06-16,0.005266789258211096,0.005160981124590356
2025-06-17,0.004994567271648543,0.004959395175019622
2025-06-18,0.004753097290385592,0.004782920054300841
2025-06-19,0.004530599451786682,0.004617950453480817
2025-06-20,0.0043116837876469305,0.004448764126872013
2025-06-23,0.004136149343537538,0.004318825135883058
2025-06-24,0.004296441282751231,0.004213818853756525
2025-06-25,0.005018091765408873,0.00420624709447148
2025-06-26,0.00476265893537836,0.004059890044949628
2025-06-27,0.004950881991428329,0.003992988758904871
2025-06-30,0.00469893899059407,0.0038593300744629083
2025-07-01,0.004807578247637577,0.003792819696405426
2025-07-02,0.004580670254324818,0.0036745726584078912
2025-07-03,0.004355434592593635,0.003560837861751166
2025-07-04,0.0041684501559035685,0.003458547679576473
2025-07-07,0.00398450811392979,0.003370745243658544
2025-07-08,0.004404814196471051,0.004126793190173895
2025-07-09,0.004234065404312613,0.004034234995704635
2025-07-10,0.00440915150995006,0.003954188697338511
2025-07-11,0.00421684829708927,0.003826389985032263
2025-07-14,0.004583388621503421,0.004461987411293538
2025-07-15,0.004359821659468303,0.004301321461568944
2025-07-16,0.004447859429064644,0.004518428789354528
2025-07-17,0.004237020285380005,0.004353951962047395
2025-07-18,0.004155285259517425,0.004215020680348181
2025-07-21,0.003967475242239381,0.004072426990542628
2025-07-22,0.003949149364897822,0.003956427934039596
2025-07-23,0.003860103119044097,0.003837910295221505
2025-07-24,0.0038078744865084517,0.0037311394063529037
2025-07-25,0.003641242026933579,0.003613527306326243
2025-07-28,0.0036431739114200223,0.003526387366862496
2025-07-29,0.0035809930281121404,0.0035316543132866613
2025-07-30,0.0034372878873684927,0.0034279798241680544
2025-07-31,0.0034784690484934867,0.003544040158305558
2025-08-01,0.0036090372933264663,0.003762722230024008
2025-08-04,0.0037470890759686397,0.003983143922000154
2025-08-05,0.005015643018248233,0.004061773465335166
2025-08-06,0.004806077958349194,0.003989909389720958
2025-08-07,0.0045921681117415914,0.0038614870082068604
2025-08-08,0.0043654883541164305,0.0037357413933372546
2025-08-11,0.0042272672152452615,0.0036302593257673183
2025-08-12,0.004059608401089964,0.003558624415307785
2025-08-13,0.003982824018874476,0.0034704283132493048
2025-08-14,0.004103579645729217,0.0034192403192625535
2025-08-15,0.003966411720332472,0.0033925022316796693
2025-08-18,0.0040921559714332725,0.0037251588975542073
2025-08-19,0.003905747051178357,0.003609724649466295
2025-08-20,0.0037898398083492176,0.003571462531848601
2025-08-21,0.003658479382347711,0.0035029616201169025
2025-08-22,0.0037090929360697523,0.003658315260544725
2025-08-25,0.0045517126137751785,0.0036990466728824595
2025-08-26,0.004368357981592545,0.003637965473002817
2025-08-27,0.004158253749568615,0.0035262921659420456
2025-08-28,0.00397080411894322,0.003423396548765728
2025-08-29,0.0039525525387180075,0.0033528269574090437
2025-09-01,0.004102573669339773,0.0037241563382169563
2025-09-02,0.00391340634949369,0.003607168572695114
2025-09-03,0.0042060605207974375,0.004116028884296885
2025-09-04,0.004232966435558514,0.004007556584062683
2025-09-05,0.0045415248091330825,0.003950088399652409
2025-09-08,0.004401697946292554,0.0038328082627998006
2025-09-09,0.004584725888021369,0.0037735692538274582
2025-09-10,0.004358514186232522,0.0036532705450849578
2025-09-11,0.004181191131922668,0.00354661106671221
2025-09-12,0.0043967353653086285,0.0035101858885293823
2025-09-15,0.004207539932804373,0.003436511772529548
2025-09-16,0.00410976005054702,0.0033559192729217986
2025-09-17,0.003919431571160684,0.003262945185972141
2025-09-18,0.0037435177994912623,0.0031761338208866
2025-09-19,0.0036366906403330936,0.0031673297938300897
2025-09-22,0.0034946519415329845,0.0030894188373448627
2025-09-23,0.003352727855163408,0.003014599893778134
2025-09-24,0.003222519688869791,0.002945163907370031
2025-09-25,0.0032457336661362007,0.003062972927891301
2025-09-26,0.003372436150623761,0.0033051515692725424
2025-09-29,0.0032500271669149284,0.0032172367846276784
2025-09-30,0.003412953438151259,0.003175493052521059
2025-10-01,0.0032928880847069163,0.0030974983297501145
2025-10-02,0.0032411462921651674,0.0030339426991736413
2025-10-03,0.0031365829829700037,0.002966076398380265
2025-10-06,0.003048066839891286,0.0029244455258309304
2025-10-07,0.00297114485978093,0.0028900172876811844
2025-10-08,0.002880423100156628,0.0028344143810089444
2025-10-09,0.002853658775602788,0.0027878998828933382
2025-10-10,0.002883412617942178,0.0028728450393220623
2025-10-13,0.004332169812625519,0.0047017950140493805
2025-10-14,0.004818272290615281,0.0046191362987506
2025-10-15,0.004580537653455311,0.0044523679483361
2025-10-16,0.004390842967665616,0.004296526196914661
2025-10-17,0.004187582266238891,0.004151789157360119
2025-10-20,0.004096970734088671,0.004023790178186947
2025-10-21,0.004254114458310138,0.0039386917993534856
2025-10-22,0.00406100321088949,0.003809729897260946
2025-10-23,0.004044910007577991,0.003904911351898335
2025-10-24,0.003864454508331797,0.003777447226780492
2025-10-27,0.0039077489846047,0.0036886842004086005
2025-10-28,0.0043196540105547784,0.0036642853852315123
2025-10-29,0.004164970940401726,0.003560167228421037
2025-10-30,0.004096486841280538,0.0036270981146708514
2025-10-31,0.004799281389484243,0.004729054000473633
2025-11-03,0.004557936831765307,0.004551376616808882
2025-11-04,0.0043460529951173145,0.004395664226441936
2025-11-05,0.0045495341928790435,0.00474164538614414
2025-11-06,0.004404061219228892,0.00465043629477781
2025-11-07,0.004295329478139319,0.004593795083062787
2025-11-10,0.00409208711234685,0.004424259580517422
2025-11-11,0.004547067700242874,0.004351625594855629
2025-11-12,0.004388112586647104,0.004206027398915979
2025-11-13,0.004186657763298194,0.004060961807455701
2025-11-14,0.005371800888084797,0.005672289647452034
2025-11-17,0.0051133628814884055,0.005466363856382474
2025-11-18,0.00507554296043351,0.0055080056521580704
2025-11-19,0.005095129931214269,0.005607917988648654
2025-11-20,0.004837713533670603,0.005381895552770276
2025-11-21,0.005205961276689419,0.005864627343472312
2025-11-24,0.005229734587326543,0.005660865673383554
2025-11-25,0.005617832749110164,0.005518734952922721
2025-11-26,0.005582971732651974,0.005334771071802984
2025-11-27,0.00553954396820914,0.005160417821377654
2025-11-28,0.005245437881643308,0.0049583594210998345
2025-12-01,0.004978869440808177,0.0047689237376898645
2025-12-02,0.005161060912014858,0.005152703272237317
2025-12-03,0.004898954268372705,0.004951997402243533
2025-12-04,0.004719210756073996,0.00477169095463133
2025-12-05,0.0044951345444157334,0.00460274312868272
2025-12-08,0.004295682800679313,0.004452407763222949
2025-12-09,0.004202097378924375,0.004417720814514801
2025-12-10,0.004008212426079946,0.004260527103679447
2025-12-11,0.004019830283547167,0.004136809902381445
2025-12-12,0.003869930375008716,0.0039992223759418395
2025-12-15,0.004523013197408632,0.004862752816747347
2025-12-16,0.004313801033584803,0.004688333079599627
2025-12-17,0.004107964272837262,0.004513068344797313
2025-12-18,0.004415493496472517,0.004916750017597385
2025-12-19,0.004463735975309515,0.004762085284090858
2025-12-22,0.004335109808052887,0.004594715738870059
2025-12-23,0.0041652785591995475,0.004430319370826546
2025-12-24,0.004113340726642402,0.004289567074544503
2025-12-26,0.004096012647690151,0.004161724212594305
2025-12-29,0.003942531465401574,0.00405587705482499
2025-12-30,0.0037882598991450423,0.003941380098027171
2025-12-31,0.003666956422809402,0.003857357242837406
2026-01-02,0.004171871849494412,0.004517261562162928
2026-01-05,0.003976631669193367,0.004351912625838983
2026-01-06,0.003970945973011419,0.00421944994700224
2026-01-07,0.0038513505464264734,0.0040803057249247585
2026-01-08,0.0036886944026930605,0.003947186198326772
2026-01-09,0.0036009930983283843,0.00389069494090727
2026-01-12,0.003750308592833419,0.0038034579633714647
2026-01-13,0.003605965703312809,0.003698926339956206
2026-01-14,0.003455384995722052,0.0035833444390223775
2026-01-15,0.003355184994742036,0.00351512144938585
2026-01-16,0.003238614920517022,0.0034137716747447066
2026-01-19,0.0032881090925284393,0.0035098894998468137
2026-01-20,0.0031637382871985693,0.003406515779774821
2026-01-21,0.005541566371831239,0.0062381662611105775
2026-01-22,0.006024429448702485,0.006076686753653896
2026-01-23,0.005755698030575312,0.005832928052507537
2026-01-26,0.005483224753855365,0.005599218149657082
2026-01-27,0.00546910382647153,0.005411023997432849
2026-01-28,0.0051794785470805176,0.005194858744425228
2026-01-29,0.004925874729620404,0.00499327078912495
2026-01-30,0.0047203205744352885,0.004850882637132629
2026-02-02,0.004650035245239814,0.004861532219578354
2026-02-03,0.004425717428385019,0.004681534893035273
2026-02-04,0.004486906091364019,0.004827608558135816
2026-02-05,0.00440110976402995,0.0047927050624498105
2026-02-06,0.004353145288126449,0.00479442792205348
2026-02-09,0.005058347600754572,0.004736307833836749
2026-02-10,0.004877994600825167,0.004570721431195605
2026-02-11,0.004733363523441881,0.004418147247249166
2026-02-12,0.004561932940705592,0.00433932661742952
2026-02-13,0.004565100829346357,0.004475302527102627
2026-02-16,0.0043652038102408395,0.004316396575640671
2026-02-17,0.004157815320581073,0.00416427834550799
2026-02-18,0.00396796430667616,0.0040207526441290746
2026-02-19,0.0038016355482231807,0.003887352151446185
2026-02-20,0.0037248507440718,0.0038619674233016537
2026-02-23,0.0036312365612721485,0.0037458896064167324
2026-02-24,0.003639975214426393,0.003815132435149737
2026-02-25,0.003622795509652183,0.0037113703304160824
2026-02-26,0.0036508767128073764,0.003620711516881776
2026-02-27,0.003522610855176038,0.0035375753603700626
2026-03-02,0.0034009980907482034,0.003455075072235408
2026-03-03,0.0035020225153612116,0.0036357772726096967
2026-03-04,0.003963797221583618,0.004248556661589022
2026-03-05,0.003791224085832309,0.00410026738892904
2026-03-06,0.003852768284074241,0.004216452476766694
2026-03-09,0.00461088745268513,0.00514482117579871
2026-03-10,0.004682915315992075,0.004982010436822117
2026-03-11,0.004540782494195373,0.004890855735516008
2026-03-12,0.004615211314659127,0.005045610016181682
2026-03-13,0.005410109694033061,0.006040077763553726
2026-03-16,0.005385798480534082,0.006079944641694948
2026-03-17,0.0054009710186560264,0.005864934360851115
2026-03-18,0.0051976926084334706,0.005634912573878603
2026-03-19,0.005626882791494961,0.0062230105638518985
2026-03-20,0.005338915194136092,0.005974015489804243
2026-03-23,0.006245896635389123,0.007087276693807417
2026-03-24,0.0062633987881360745,0.006826195133018346
2026-03-25,0.005979305633493657,0.0065986063456366095
2026-03-26,0.005916131291836072,0.00635188816941621
2026-03-27,0.006961993657083289,0.007705638578267037
2026-03-30,0.007481207345672674,0.008419618053152332
2026-03-31,0.007064802164297006,0.008046665446505712
2026-04-01,0.007923446923852603,0.007851311041095505
2026-04-02,0.0076436882718300455,0.007530748438316434
2026-04-03,0.007240190888079594,0.0072069476514763815
2026-04-06,0.00684256364757888,0.006907568873843142
2026-04-07,0.006465518180931643,0.006612234517104492
2026-04-08,0.006108100052466965,0.006331489963965273
2026-04-09,0.007710951944888166,0.006349643207741987
2026-04-10,0.00728052766621395,0.006084765843178102
2026-04-13,0.006874544415696286,0.0058393399940350425
2026-04-14,0.006693822807659254,0.0056335368004141505
2026-04-15,0.00693967981933637,0.005508336082689986
2026-04-16,0.006608693181147951,0.005297635079388091
2026-04-17,0.006248260638164492,0.005096191061819471
2026-04-20,0.006435671969462398,0.004988809110850991
2026-04-21,0.006121319735257142,0.004857216543464384
2026-04-22,0.005977059847345922,0.00496219460647929
2026-04-23,0.005839902382857045,0.0048030407473834795
2026-04-24,0.005651498839009077,0.0048055399549702445
2026-04-27,0.005475732986856505,0.004644697187411474
2026-04-28,0.005190203609678054,0.0044760231702262706
2026-04-29,0.004974422811884305,0.004384433164774147
2026-04-30,0.0048143985733695325,0.004352662422206346
2026-05-01,0.004725310942196824,0.004221364035853542
2026-05-04,0.004578325972408834,0.004088149678251607
2026-05-05,0.0045984986312023165,0.0042816879620274926
2026-05-06,0.004622654972143034,0.004168714423440038
2026-05-07,0.005308639142714682,0.004172365735810076
2026-05-08,0.005118553392233782,0.004158473619450682
2026-05-11,0.005109329850017849,0.004058829188597018
2026-05-12,0.004847528232862833,0.003922577957094561
2026-05-13,0.004703450123944364,0.003939376100762853
2026-05-14,0.004478823481979569,0.003810850802578001
2026-05-15,0.0044175541062490345,0.003714708020627312
2026-05-18,0.005683891024232726,0.005654398979031936
2026-05-19,0.005416599023148886,0.005466743462072397
2026-05-20,0.00537982890245408,0.005551492343073561
2026-05-21,0.005588302882790291,0.005395355835481912
2026-05-22,0.005329012487681729,0.005186125009212788
2026-05-25,0.005147884553735442,0.004997157478680489
2026-05-26,0.004880990734026275,0.0048041159871691184
2026-05-27,0.004836740068439391,0.004651617450177034
2026-05-28,0.0045924759561012,0.004478515977092181
2026-05-29,0.004514091437888419,0.004337317569344996
2026-06-01,0.004319827564925316,0.004186935065035654
2026-06-02,0.004126574406288516,0.004043488088819411
2026-06-03,0.00394024652240104,0.0039075213725382075
2026-06-04,0.004143650651734779,0.004251028115269121
2026-06-05,0.003998322176951988,0.0041085275550951225
2026-06-08,0.0061308049716676015,0.006769806872508958
2026-06-09,0.005847367936591502,0.006534877062009167
2026-06-10,0.0055314469888830655,0.006258019023965829
2026-06-11,0.005999463560555427,0.0068550301195393635
2026-06-12,0.006867293047289974,0.006714654739492233
2026-06-15,0.006522390079159767,0.006434460106079661
2026-06-16,0.006770297108488959,0.0062501151972376165
2026-06-17,0.006421766805757302,0.006024715213169176
2026-06-18,0.006361672552625382,0.006163962012961848
2026-06-19,0.006181221877845634,0.005931757265776712
2026-06-22,0.0058570552136548186,0.005702680114027284
2026-06-23,0.0057059468265821785,0.005677295431212425
2026-06-24,0.005979023847220397,0.006174265199660281
2026-06-25,0.005716683911656407,0.005925521574606525
2026-06-26,0.005410448457472764,0.005681351208633492
2026-06-29,0.005276712317770107,0.005625732128810758
2026-06-30,0.00571270951077572,0.005493924961527306
2026-07-01,0.005409201279968955,0.0052738374974862666
2026-07-02,0.005233196730739928,0.005199123651081446
2026-07-03,0.0049922098948575085,0.005029972993888333
2026-07-06,0.004737755842251579,0.0048354333308240835
2026-07-07,0.004681310755349088,0.004677047662132237
2026-07-08,0.004840204716335469,0.004988156680047065
2026-07-09,0.004718934529198613,0.004939117249468948
2026-07-10,0.004721691268978577,0.004782006955703176
2026-07-13,0.0045252177088015415,0.004607269870023926
2026-07-14,0.004796228758186825,0.0050388265772014496
2026-07-15,0.004576456065581878,0.004846798721612383
2026-07-16,0.0044460700026595175,0.004675515380059238
2026-07-17,0.004303794022212778,0.004582008948554921
2026-07-20,0.004374270838534153,0.004731931400935593
2026-07-21,0.004339052138357206,0.004750808517472709
2026-07-22,0.004225730148692892,0.004584577385494355
2026-07-23,0.0040808154592063784,0.004471997112531228
2026-07-24,0.004576895066368771,0.005097905893667808
2026-07-27,0.004351998092359807,0.0048992992347436145
2026-07-28,0.004183630355710767,0.004717400034076225
2026-07-29,0.004043329228135547,0.004547887689125279
2026-07-30,0.0056552001663312335,0.006439091325752955
2026-07-31,0.006122838908660848,0.006264694865629987
2026-08-03,0.005829856276939482,0.006008337067107926
2026-08-04,0.006097080601865355,0.0058397544957105385
2026-08-05,0.006649668407874643,0.005732548003244487
2026-08-06,0.006280065300459919,0.005499170370887822
2026-08-07,0.0059908990110908176,0.005352609688698285
2026-08-10,0.0057440121443496014,0.0051524929283530575
2026-08-11,0.005498467676809272,0.005032372329298024
2026-08-12,0.00523674005640232,0.004873004503026675
2026-08-13,0.004965924475619754,0.004687603850641436
2026-08-14,0.0049387663709857975,0.004546460396466193
2026-08-17,0.004808972099425664,0.00453726994584934
2026-08-18,0.0048079955402140885,0.004682802103063995
2026-08-19,0.004637408264364027,0.004593289914943397
2026-08-20,0.0047597867100489695,0.004474235570383392
2026-08-21,0.004853882897481319,0.004745882102216712
2026-08-24,0.004615219351463137,0.004568539228864303
2026-08-25,0.004387007865699432,0.004400098928065722
2026-08-26,0.004395666639332866,0.004273095724101316
2026-08-27,0.004191933476707113,0.004129685892595225
2026-08-28,0.004041616017613615,0.003994592444116413
2026-08-31,0.0039365358474928135,0.003954309601135923
2026-09-01,0.0040185050145245095,0.0041373922864912935
2026-09-02,0.004113192326870135,0.004325951328418932
2026-09-03,0.003960628657945368,0.004177502843722873
2026-09-04,0.004121401088609799,0.004078845920993293
